naturalId,name,surface,gravity,temperature,pressure,pioneers,pioneerDifference,openPioneerJobs,settlers,settlerDifference,openSettlerJobs,technicians,technicianDifference,openTechnicianJobs,engineers,engineerDifference,openEngineerJobs,scientists,scientistDifference,openScientistJobs,cogcStatus,cogcProgram,playerSites,jumpsToAI1,jumpsToCI1,jumpsToCI2,jumpsToIC1,jumpsToNC1
BN-299a,BN-299a,rocky,normal,high,high,0,0,0,0,0,0,0,0,0,0,0,0,0,0,0,NONE,,0,-1,-1,-1,-1,-1
BN-299b,BN-299b,rocky,normal,high,normal,0,0,0,0,0,0,0,0,0,0,0,0,0,0,0,ACTIVE,WORKFORCE_PIONEERS,1,-1,-1,-1,-1,-1
BN-299c,BN-299c,rocky,normal,high,high,0,0,0,0,0,0,0,0,0,0,0,0,0,0,0,NONE,,0,-1,-1,-1,-1,-1
BN-299d,Aranya,rocky,normal,normal,normal,2456,153,0,309,237,368,1,0,0,0,0,0,0,0,0,ACTIVE,AGRICULTURE,3,-1,-1,-1,-1,-1
BN-299e,BN-299e,rocky,normal,normal,high,1148,0,0,3,-1,0,1,0,0,0,0,0,0,0,0,ACTIVE,RESOURCE_EXTRACTION,1,-1,-1,-1,-1,-1
BN-299f,BN-299f,gaseous,normal,low,normal,0,0,0,0,0,0,0,0,0,0,0,0,0,0,0,NONE,,0,-1,-1,-1,-1,-1
BN-299g,BN-299g,gaseous,high,low,normal,0,0,0,0,0,0,0,0,0,0,0,0,0,0,0,NONE,,0,-1,-1,-1,-1,-1
BN-299h,BN-299h,gaseous,high,low,normal,0,0,0,0,0,0,0,0,0,0,0,0,0,0,0,NONE,,0,-1,-1,-1,-1,-1
BN-386a,BN-386a,rocky,normal,high,low,0,0,0,0,0,0,0,0,0,0,0,0,0,0,0,NONE,,0,-1,-1,-1,-1,-1
BN-386b,BN-386b,rocky,normal,low,high,0,0,0,0,0,0,0,0,0,0,0,0,0,0,0,NONE,,0,-1,-1,-1,-1,-1
BN-386c,BN-386c,rocky,normal,low,normal,0,0,0,0,0,0,0,0,0,0,0,0,0,0,0,NONE,,0,-1,-1,-1,-1,-1
BN-386d,BN-386d,rocky,normal,low,high,0,0,0,0,0,0,0,0,0,0,0,0,0,0,0,NONE,,0,-1,-1,-1,-1,-1
BN-386e,BN-386e,gaseous,normal,low,normal,0,0,0,0,0,0,0,0,0,0,0,0,0,0,0,NONE,,0,-1,-1,-1,-1,-1
BN-386f,BN-386f,gaseous,high,low,normal,0,0,0,0,0,0,0,0,0,0,0,0,0,0,0,NONE,,0,-1,-1,-1,-1,-1
BN-386g,BN-386g,gaseous,high,low,normal,0,0,0,0,0,0,0,0,0,0,0,0,0,0,0,NONE,,0,-1,-1,-1,-1,-1
BN-386h,BN-386h,gaseous,normal,low,normal,0,0,0,0,0,0,0,0,0,0,0,0,0,0,0,NONE,,0,-1,-1,-1,-1,-1
BN-386i,BN-386i,rocky,normal,low,high,0,0,0,0,0,0,0,0,0,0,0,0,0,0,0,NONE,,0,-1,-1,-1,-1,-1
BN-436a,BN-436a,rocky,normal,normal,high,0,0,0,0,0,0,0,0,0,0,0,0,0,0,0,NONE,,0,-1,-1,-1,-1,-1
BN-436b,BN-436b,rocky,normal,low,normal,0,0,0,0,0,0,0,0,0,0,0,0,0,0,0,NONE,,0,-1,-1,-1,-1,-1
BN-436c,BN-436c,rocky,normal,low,normal,0,0,0,0,0,0,0,0,0,0,0,0,0,0,0,NONE,,0,-1,-1,-1,-1,-1
BN-436d,BN-436d,rocky,normal,low,low,0,0,0,0,0,0,0,0,0,0,0,0,0,0,0,NONE,,0,-1,-1,-1,-1,-1
BN-436e,BN-436e,rocky,normal,low,high,0,0,0,0,0,0,0,0,0,0,0,0,0,0,0,NONE,,0,-1,-1,-1,-1,-1
BN-436f,BN-436f,gaseous,normal,low,normal,0,0,0,0,0,0,0,0,0,0,0,0,0,0,0,NONE,,0,-1,-1,-1,-1,-1
BN-436g,BN-436g,gaseous,normal,low,normal,0,0,0,0,0,0,0,0,0,0,0,0,0,0,0,NONE,,0,-1,-1,-1,-1,-1
BN-436h,BN-436h,gaseous,high,low,normal,0,0,0,0,0,0,0,0,0,0,0,0,0,0,0,NONE,,0,-1,-1,-1,-1,-1
BN-436i,BN-436i,gaseous,normal,low,normal,0,0,0,0,0,0,0,0,0,0,0,0,0,0,0,NONE,,0,-1,-1,-1,-1,-1
BN-436j,BN-436j,rocky,normal,low,high,0,0,0,0,0,0,0,0,0,0,0,0,0,0,0,NONE,,0,-1,-1,-1,-1,-1
BN-516a,BN-516a,rocky,normal,low,normal,0,0,0,0,0,0,0,0,0,0,0,0,0,0,0,NONE,,0,-1,-1,-1,-1,-1
BN-516b,BN-516b,rocky,normal,normal,normal,0,0,0,0,0,0,0,0,0,0,0,0,0,0,0,NONE,,0,-1,-1,-1,-1,-1
BN-516c,BN-516c,rocky,normal,low,high,0,0,0,0,0,0,0,0,0,0,0,0,0,0,0,NONE,,0,-1,-1,-1,-1,-1
BN-516d,BN-516d,rocky,normal,low,high,0,0,0,0,0,0,0,0,0,0,0,0,0,0,0,NONE,,0,-1,-1,-1,-1,-1
BN-516e,BN-516e,rocky,normal,low,high,0,0,0,0,0,0,0,0,0,0,0,0,0,0,0,NONE,,0,-1,-1,-1,-1,-1
BN-805a,BN-805a,rocky,normal,low,low,0,0,0,0,0,0,0,0,0,0,0,0,0,0,0,NONE,,0,-1,-1,-1,-1,-1
BN-805b,BN-805b,rocky,normal,low,low,0,0,0,0,0,0,0,0,0,0,0,0,0,0,0,NONE,,0,-1,-1,-1,-1,-1
BN-805c,BN-805c,rocky,normal,low,normal,0,0,0,0,0,0,0,0,0,0,0,0,0,0,0,NONE,,0,-1,-1,-1,-1,-1
BN-805d,BN-805d,rocky,normal,low,normal,0,0,0,0,0,0,0,0,0,0,0,0,0,0,0,NONE,,0,-1,-1,-1,-1,-1
BN-886a,BN-886a,rocky,normal,high,high,0,0,0,0,0,0,0,0,0,0,0,0,0,0,0,NONE,,0,-1,-1,-1,-1,-1
BN-886b,BN-886b,rocky,normal,high,high,0,0,0,0,0,0,0,0,0,0,0,0,0,0,0,NONE,,0,-1,-1,-1,-1,-1
BN-886c,BN-886c,rocky,normal,normal,low,0,0,0,0,0,0,0,0,0,0,0,0,0,0,0,NONE,,0,-1,-1,-1,-1,-1
BN-886d,BN-886d,rocky,normal,low,high,0,0,0,0,0,0,0,0,0,0,0,0,0,0,0,NONE,,0,-1,-1,-1,-1,-1
BN-886e,BN-886e,rocky,normal,low,high,0,0,0,0,0,0,0,0,0,0,0,0,0,0,0,NONE,,0,-1,-1,-1,-1,-1
BN-886f,BN-886f,gaseous,normal,low,normal,0,0,0,0,0,0,0,0,0,0,0,0,0,0,0,NONE,,0,-1,-1,-1,-1,-1
BN-886g,BN-886g,gaseous,normal,low,normal,0,0,0,0,0,0,0,0,0,0,0,0,0,0,0,NONE,,0,-1,-1,-1,-1,-1
BN-886h,BN-886h,gaseous,normal,low,normal,0,0,0,0,0,0,0,0,0,0,0,0,0,0,0,NONE,,0,-1,-1,-1,-1,-1
BN-886i,BN-886i,gaseous,normal,low,normal,0,0,0,0,0,0,0,0,0,0,0,0,0,0,0,NONE,,0,-1,-1,-1,-1,-1
BN-901a,BN-901a,rocky,normal,high,low,0,0,0,0,0,0,0,0,0,0,0,0,0,0,0,NONE,,0,-1,-1,-1,-1,-1
BN-901b,BN-901b,rocky,normal,normal,high,0,0,0,0,0,0,0,0,0,0,0,0,0,0,0,NONE,,0,-1,-1,-1,-1,-1
BN-901c,BN-901c,rocky,normal,low,low,0,0,0,0,0,0,0,0,0,0,0,0,0,0,0,NONE,,0,-1,-1,-1,-1,-1
BN-901d,BN-901d,rocky,normal,low,low,0,0,0,0,0,0,0,0,0,0,0,0,0,0,0,NONE,,0,-1,-1,-1,-1,-1
BN-901e,BN-901e,rocky,normal,low,low,0,0,0,0,0,0,0,0,0,0,0,0,0,0,0,NONE,,0,-1,-1,-1,-1,-1
BN-901f,BN-901f,gaseous,normal,low,normal,0,0,0,0,0,0,0,0,0,0,0,0,0,0,0,NONE,,0,-1,-1,-1,-1,-1
BN-908a,BN-908a,rocky,normal,high,high,145,-36,0,20,-6,0,1,0,0,0,0,0,0,0,0,ACTIVE,,0,-1,-1,-1,-1,-1
BN-908b,"Rhenos Pater",rocky,normal,normal,high,10072,-243,0,2,0,0,1,0,0,0,0,0,0,0,0,ACTIVE,METALLURGY,11,-1,-1,-1,-1,-1
BN-908c,BN-908c,rocky,normal,low,low,0,0,0,0,0,0,0,0,0,0,0,0,0,0,0,NONE,,0,-1,-1,-1,-1,-1
BN-908d,BN-908d,rocky,normal,low,low,964,209,75,225,220,145,0,0,0,0,0,0,0,0,0,ACTIVE,RESOURCE_EXTRACTION,1,-1,-1,-1,-1,-1
BN-908e,BN-908e,gaseous,normal,low,normal,647,-127,0,2,0,0,1,0,0,0,0,0,0,0,0,ON_STRIKE,,0,-1,-1,-1,-1,-1
BN-908f,BN-908f,gaseous,high,low,normal,0,0,0,0,0,0,0,0,0,0,0,0,0,0,0,NONE,,0,-1,-1,-1,-1,-1
BN-908g,BN-908g,gaseous,normal,low,normal,0,0,0,0,0,0,0,0,0,0,0,0,0,0,0,NONE,,0,-1,-1,-1,-1,-1
DW-161a,DW-161a,rocky,normal,high,high,0,0,0,0,0,0,0,0,0,0,0,0,0,0,0,NONE,,0,10,4,12,8,2
DW-161b,DW-161b,rocky,normal,high,normal,0,0,0,0,0,0,0,0,0,0,0,0,0,0,0,NONE,,0,10,4,12,8,2
DW-161c,DW-161c,rocky,normal,low,high,0,0,0,0,0,0,0,0,0,0,0,0,0,0,0,NONE,,0,10,4,12,8,2
DW-161d,DW-161d,gaseous,normal,low,normal,0,0,0,0,0,0,0,0,0,0,0,0,0,0,0,NONE,,0,10,4,12,8,2
DW-161e,DW-161e,gaseous,high,low,normal,0,0,0,0,0,0,0,0,0,0,0,0,0,0,0,NONE,,0,10,4,12,8,2
DW-419a,DW-419a,rocky,normal,normal,high,511,-4,0,350,7,0,1,0,0,0,0,0,0,0,0,ON_STRIKE,,2,12,6,14,8,2
DW-419b,DW-419b,rocky,normal,normal,high,0,0,0,0,0,0,0,0,0,0,0,0,0,0,0,NONE,,0,12,6,14,8,2
DW-419c,DW-419c,rocky,normal,low,high,0,0,0,0,0,0,0,0,0,0,0,0,0,0,0,NONE,,0,12,6,14,8,2
DW-419d,DW-419d,rocky,normal,low,low,0,0,0,0,0,0,0,0,0,0,0,0,0,0,0,NONE,,0,12,6,14,8,2
DW-456a,DW-456a,rocky,normal,high,high,0,0,0,0,0,0,0,0,0,0,0,0,0,0,0,NONE,,0,12,5,13,7,3
DW-456b,DW-456b,rocky,normal,low,high,0,0,0,0,0,0,0,0,0,0,0,0,0,0,0,NONE,,0,12,5,13,7,3
DW-456c,DW-456c,rocky,normal,low,high,0,0,0,0,0,0,0,0,0,0,0,0,0,0,0,NONE,,0,12,5,13,7,3
DW-456d,DW-456d,rocky,normal,low,high,0,0,0,0,0,0,0,0,0,0,0,0,0,0,0,NONE,,0,12,5,13,7,3
DW-456e,DW-456e,gaseous,normal,low,normal,0,0,0,0,0,0,0,0,0,0,0,0,0,0,0,NONE,,0,12,5,13,7,3
DW-456f,DW-456f,gaseous,normal,low,normal,0,0,0,0,0,0,0,0,0,0,0,0,0,0,0,NONE,,0,12,5,13,7,3
DW-456g,Orm,gaseous,high,low,normal,11204,-38,0,613,4,0,1,0,0,1,0,0,0,0,0,ACTIVE,RESOURCE_EXTRACTION,12,12,5,13,7,3
DW-739a,DW-739a,rocky,normal,low,high,0,0,0,0,0,0,0,0,0,0,0,0,0,0,0,NONE,,0,11,5,13,7,1
DW-739b,DW-739b,rocky,normal,low,low,1935,-163,0,1066,-119,0,402,-50,0,121,-8,0,1,0,0,NONE,,3,11,5,13,7,1
DW-739c,DW-739c,rocky,normal,low,normal,7899,261,172,2772,39,0,68,9,0,1,0,0,0,0,0,ACTIVE,METALLURGY,12,11,5,13,7,1
DW-739d,DW-739d,rocky,normal,low,high,2,0,0,2,0,0,1,0,0,0,0,0,0,0,0,NONE,,0,11,5,13,7,1
DW-739e,DW-739e,rocky,normal,low,high,0,0,0,0,0,0,0,0,0,0,0,0,0,0,0,NONE,,0,11,5,13,7,1
DW-835a,DW-835a,rocky,normal,high,low,0,0,0,0,0,0,0,0,0,0,0,0,0,0,0,NONE,,0,12,6,14,6,2
DW-835b,DW-835b,rocky,normal,high,high,0,0,0,0,0,0,0,0,0,0,0,0,0,0,0,NONE,,0,12,6,14,6,2
DW-835c,DW-835c,rocky,normal,low,normal,3327,-231,0,2,0,0,1,0,0,0,0,0,0,0,0,ACTIVE,,4,12,6,14,6,2
DW-835d,DW-835d,rocky,normal,low,high,0,0,0,0,0,0,0,0,0,0,0,0,0,0,0,NONE,,0,12,6,14,6,2
EE-154a,EE-154a,rocky,normal,low,normal,0,0,0,0,0,0,0,0,0,0,0,0,0,0,0,NONE,,0,-1,-1,-1,-1,-1
EE-154b,EE-154b,rocky,normal,low,low,0,0,0,0,0,0,0,0,0,0,0,0,0,0,0,NONE,,0,-1,-1,-1,-1,-1
EE-154c,EE-154c,rocky,normal,low,low,0,0,0,0,0,0,0,0,0,0,0,0,0,0,0,NONE,,0,-1,-1,-1,-1,-1
EE-154d,EE-154d,rocky,normal,low,high,0,0,0,0,0,0,0,0,0,0,0,0,0,0,0,NONE,,0,-1,-1,-1,-1,-1
EE-154e,EE-154e,rocky,normal,low,high,0,0,0,0,0,0,0,0,0,0,0,0,0,0,0,NONE,,0,-1,-1,-1,-1,-1
EE-154f,EE-154f,gaseous,high,low,normal,0,0,0,0,0,0,0,0,0,0,0,0,0,0,0,NONE,,0,-1,-1,-1,-1,-1
EE-154g,EE-154g,gaseous,normal,low,normal,0,0,0,0,0,0,0,0,0,0,0,0,0,0,0,NONE,,0,-1,-1,-1,-1,-1
EE-154h,EE-154h,gaseous,normal,low,normal,0,0,0,0,0,0,0,0,0,0,0,0,0,0,0,NONE,,0,-1,-1,-1,-1,-1
EE-154i,EE-154i,rocky,normal,low,low,0,0,0,0,0,0,0,0,0,0,0,0,0,0,0,NONE,,0,-1,-1,-1,-1,-1
EE-223a,EE-223a,rocky,normal,high,high,0,0,0,0,0,0,0,0,0,0,0,0,0,0,0,NONE,,0,-1,-1,-1,-1,-1
EE-223b,EE-223b,rocky,normal,high,high,0,0,0,0,0,0,0,0,0,0,0,0,0,0,0,NONE,,0,-1,-1,-1,-1,-1
EE-223c,EE-223c,rocky,normal,low,high,0,0,0,0,0,0,0,0,0,0,0,0,0,0,0,NONE,,0,-1,-1,-1,-1,-1
EE-223d,EE-223d,rocky,normal,low,high,0,0,0,0,0,0,0,0,0,0,0,0,0,0,0,NONE,,0,-1,-1,-1,-1,-1
EE-223e,EE-223e,gaseous,normal,low,normal,0,0,0,0,0,0,0,0,0,0,0,0,0,0,0,NONE,,0,-1,-1,-1,-1,-1
EE-223f,EE-223f,gaseous,high,low,normal,0,0,0,0,0,0,0,0,0,0,0,0,0,0,0,NONE,,0,-1,-1,-1,-1,-1
EE-223g,EE-223g,gaseous,high,low,normal,0,0,0,0,0,0,0,0,0,0,0,0,0,0,0,NONE,,0,-1,-1,-1,-1,-1
EE-223h,EE-223h,gaseous,normal,low,normal,0,0,0,0,0,0,0,0,0,0,0,0,0,0,0,NONE,,0,-1,-1,-1,-1,-1
EE-223i,EE-223i,rocky,low,low,low,0,0,0,0,0,0,0,0,0,0,0,0,0,0,0,NONE,,0,-1,-1,-1,-1,-1
EE-233a,EE-233a,rocky,normal,high,normal,0,0,0,0,0,0,0,0,0,0,0,0,0,0,0,NONE,,0,-1,-1,-1,-1,-1
EE-233b,EE-233b,rocky,normal,normal,normal,1087,-151,0,2,0,0,1,0,0,0,0,0,0,0,0,ON_STRIKE,,2,-1,-1,-1,-1,-1
EE-233c,EE-233c,rocky,normal,low,normal,0,0,0,0,0,0,0,0,0,0,0,0,0,0,0,NONE,,0,-1,-1,-1,-1,-1
EE-233d,EE-233d,rocky,normal,low,low,0,0,0,0,0,0,0,0,0,0,0,0,0,0,0,NONE,,0,-1,-1,-1,-1,-1
EE-233e,EE-233e,gaseous,normal,low,normal,0,0,0,0,0,0,0,0,0,0,0,0,0,0,0,NONE,,0,-1,-1,-1,-1,-1
EE-233f,EE-233f,gaseous,normal,low,normal,0,0,0,0,0,0,0,0,0,0,0,0,0,0,0,NONE,,0,-1,-1,-1,-1,-1
EE-233g,EE-233g,gaseous,high,low,normal,0,0,0,0,0,0,0,0,0,0,0,0,0,0,0,NONE,,0,-1,-1,-1,-1,-1
EE-860a,EE-860a,rocky,normal,high,normal,0,0,0,0,0,0,0,0,0,0,0,0,0,0,0,NONE,,0,-1,-1,-1,-1,-1
EE-860b,EE-860b,rocky,normal,normal,normal,0,0,0,0,0,0,0,0,0,0,0,0,0,0,0,NONE,,0,-1,-1,-1,-1,-1
EE-860c,EE-860c,rocky,normal,normal,high,0,0,0,0,0,0,0,0,0,0,0,0,0,0,0,NONE,,0,-1,-1,-1,-1,-1
EE-860d,EE-860d,rocky,normal,low,high,0,0,0,0,0,0,0,0,0,0,0,0,0,0,0,NONE,,0,-1,-1,-1,-1,-1
EE-860e,EE-860e,gaseous,normal,low,normal,0,0,0,0,0,0,0,0,0,0,0,0,0,0,0,NONE,,0,-1,-1,-1,-1,-1
EE-860f,EE-860f,gaseous,normal,low,normal,0,0,0,2,0,0,1,0,0,0,0,0,0,0,0,NONE,,0,-1,-1,-1,-1,-1
EE-981a,EE-981a,rocky,normal,high,normal,0,0,0,0,0,0,0,0,0,0,0,0,0,0,0,NONE,,0,-1,-1,-1,-1,-1
EE-981b,EE-981b,rocky,normal,low,normal,0,0,0,0,0,0,0,0,0,0,0,0,0,0,0,NONE,,0,-1,-1,-1,-1,-1
EE-981c,EE-981c,rocky,normal,low,normal,0,0,0,0,0,0,0,0,0,0,0,0,0,0,0,NONE,,0,-1,-1,-1,-1,-1
EE-981d,EE-981d,rocky,normal,low,normal,0,0,0,0,0,0,0,0,0,0,0,0,0,0,0,NONE,,0,-1,-1,-1,-1,-1
EE-981e,EE-981e,rocky,normal,low,high,0,0,0,0,0,0,0,0,0,0,0,0,0,0,0,NONE,,0,-1,-1,-1,-1,-1
EE-981f,EE-981f,rocky,normal,low,high,0,0,0,0,0,0,0,0,0,0,0,0,0,0,0,NONE,,0,-1,-1,-1,-1,-1
EE-981g,EE-981g,gaseous,normal,low,normal,0,0,0,0,0,0,0,0,0,0,0,0,0,0,0,NONE,,0,-1,-1,-1,-1,-1
GH-082a,GH-082a,rocky,normal,high,high,916,0,0,2,0,0,1,0,0,0,0,0,0,0,0,NONE,,1,-1,-1,-1,-1,-1
GH-082b,GH-082b,rocky,normal,high,low,60,-16,0,319,-24,0,127,-18,25,1,0,0,0,0,0,NONE,,1,-1,-1,-1,-1,-1
GH-082c,GH-082c,rocky,normal,normal,low,961,0,0,2,0,0,1,0,0,0,0,0,0,0,0,NONE,,1,-1,-1,-1,-1,-1
GH-082d,GH-082d,rocky,normal,low,low,727,-8,0,185,1,0,1,0,0,0,0,0,0,0,0,NONE,,1,-1,-1,-1,-1,-1
GH-082e,GH-082e,rocky,normal,low,high,1597,128,0,40,22,0,0,0,0,0,0,0,0,0,0,NONE,,1,-1,-1,-1,-1,-1
GH-082f,GH-082f,gaseous,normal,low,normal,0,0,0,0,0,0,0,0,0,0,0,0,0,0,0,NONE,,0,-1,-1,-1,-1,-1
GH-082g,GH-082g,gaseous,normal,low,normal,1265,-22,0,549,18,0,9,5,0,0,0,0,0,0,0,NONE,,1,-1,-1,-1,-1,-1
GH-082h,GH-082h,gaseous,normal,low,normal,0,0,0,0,0,0,0,0,0,0,0,0,0,0,0,NONE,,0,-1,-1,-1,-1,-1
GH-209a,GH-209a,rocky,normal,high,normal,295,-50,0,690,-37,0,101,-23,0,2,-1,0,0,0,0,NONE,,1,-1,-1,-1,-1,-1
GH-209b,GH-209b,rocky,normal,high,normal,434,11,0,764,6,0,1,0,0,0,0,0,0,0,0,ACTIVE,,1,-1,-1,-1,-1,-1
GH-209c,GH-209c,rocky,normal,normal,low,950,0,0,2,0,0,1,0,0,0,0,0,0,0,0,ACTIVE,,1,-1,-1,-1,-1,-1
GH-209d,GH-209d,rocky,normal,low,low,898,0,0,2,0,0,1,0,0,0,0,0,0,0,0,ACTIVE,,1,-1,-1,-1,-1,-1
GH-209e,GH-209e,gaseous,normal,low,normal,0,0,0,0,0,0,0,0,0,0,0,0,0,0,0,NONE,,0,-1,-1,-1,-1,-1
GH-209f,GH-209f,gaseous,normal,low,normal,1036,0,64,2,0,0,1,0,0,0,0,0,0,0,0,NONE,,1,-1,-1,-1,-1,-1
GH-209g,GH-209g,gaseous,high,low,normal,0,0,0,0,0,0,0,0,0,0,0,0,0,0,0,NONE,,0,-1,-1,-1,-1,-1
GH-209h,GH-209h,gaseous,high,low,normal,0,0,0,0,0,0,0,0,0,0,0,0,0,0,0,NONE,,0,-1,-1,-1,-1,-1
GH-209i,GH-209i,gaseous,normal,low,normal,0,0,0,0,0,0,0,0,0,0,0,0,0,0,0,NONE,,0,-1,-1,-1,-1,-1
GH-209j,GH-209j,rocky,normal,low,high,0,0,0,0,0,0,0,0,0,0,0,0,0,0,0,NONE,,0,-1,-1,-1,-1,-1
GH-384a,GH-384a,rocky,normal,high,high,255,55,120,205,205,960,0,0,0,0,0,0,0,0,0,NONE,,0,-1,-1,-1,-1,-1
GH-384b,GH-384b,rocky,normal,low,high,405,12,7,447,6,0,1,0,0,0,0,0,0,0,0,ACTIVE,,1,-1,-1,-1,-1,-1
GH-384c,GH-384c,rocky,normal,low,high,1114,0,0,2,0,0,1,0,0,0,0,0,0,0,0,ACTIVE,,1,-1,-1,-1,-1,-1
GH-384d,GH-384d,rocky,normal,low,low,916,0,0,2,0,0,1,0,0,0,0,0,0,0,0,ACTIVE,,1,-1,-1,-1,-1,-1
GH-384e,GH-384e,gaseous,high,low,normal,0,0,0,0,0,0,0,0,0,0,0,0,0,0,0,NONE,,0,-1,-1,-1,-1,-1
GH-459a,GH-459a,rocky,normal,normal,normal,1026,0,0,2,0,0,1,0,0,0,0,0,0,0,0,ACTIVE,FOOD_INDUSTRIES,1,-1,-1,-1,-1,-1
GH-459b,GH-459b,rocky,normal,low,high,0,0,0,0,0,0,0,0,0,0,0,0,0,0,0,NONE,,0,-1,-1,-1,-1,-1
GH-459c,Tropica,rocky,normal,normal,normal,1213,0,0,2,0,0,1,0,0,0,0,0,0,0,0,ACTIVE,RESOURCE_EXTRACTION,1,-1,-1,-1,-1,-1
GH-459d,GH-459d,gaseous,normal,low,normal,789,36,47,442,11,0,1,0,0,0,0,0,0,0,0,NONE,,1,-1,-1,-1,-1,-1
GH-459e,GH-459e,gaseous,normal,low,normal,976,150,0,368,98,90,7,4,0,0,0,0,0,0,0,NONE,,0,-1,-1,-1,-1,-1
GH-527a,GH-527a,rocky,normal,low,normal,976,0,0,14,-4,0,1,0,0,0,0,0,0,0,0,ACTIVE,,1,-1,-1,-1,-1,-1
GH-527b,GH-527b,rocky,low,low,low,0,0,0,0,0,0,0,0,0,0,0,0,0,0,0,NONE,,0,-1,-1,-1,-1,-1
GH-527c,GH-527c,rocky,normal,low,normal,0,0,0,0,0,0,0,0,0,0,0,0,0,0,0,NONE,,0,-1,-1,-1,-1,-1
GH-527d,GH-527d,rocky,normal,low,high,0,0,0,0,0,0,0,0,0,0,0,0,0,0,0,NONE,,0,-1,-1,-1,-1,-1
GH-527e,GH-527e,gaseous,normal,low,normal,0,0,0,0,0,0,0,0,0,0,0,0,0,0,0,NONE,,0,-1,-1,-1,-1,-1
GH-527f,GH-527f,gaseous,high,low,normal,0,0,0,0,0,0,0,0,0,0,0,0,0,0,0,NONE,,0,-1,-1,-1,-1,-1
GH-780a,GH-780a,rocky,normal,high,high,0,0,0,0,0,0,0,0,0,0,0,0,0,0,0,NONE,,0,-1,-1,-1,-1,-1
GH-780b,GH-780b,rocky,normal,high,high,90,0,0,217,1,0,1,0,0,0,0,0,0,0,0,NONE,,1,-1,-1,-1,-1,-1
GH-780c,GH-780c,rocky,normal,normal,low,1215,0,0,2,0,0,1,0,0,0,0,0,0,0,0,ACTIVE,,1,-1,-1,-1,-1,-1
GH-780d,GH-780d,rocky,normal,low,normal,307,-4,14,362,0,0,1,0,0,0,0,0,0,0,0,NONE,,1,-1,-1,-1,-1,-1
GH-780e,GH-780e,gaseous,normal,low,normal,8,-2,0,202,-2,0,390,2,12,1,0,0,0,0,0,NONE,,1,-1,-1,-1,-1,-1
GH-780f,GH-780f,gaseous,normal,low,normal,0,0,0,0,0,0,0,0,0,0,0,0,0,0,0,NONE,,0,-1,-1,-1,-1,-1
GH-780g,GH-780g,gaseous,high,low,normal,1790,321,0,40,22,0,0,0,0,0,0,0,0,0,0,NONE,,0,-1,-1,-1,-1,-1
GH-827a,GH-827a,rocky,normal,high,low,6,-2,0,625,0,5,1,0,0,0,0,0,0,0,0,NONE,,1,-1,-1,-1,-1,-1
GH-827b,GH-827b,rocky,normal,high,high,0,0,0,0,0,0,0,0,0,0,0,0,0,0,0,NONE,,0,-1,-1,-1,-1,-1
GH-827c,GH-827c,rocky,normal,normal,low,1846,0,0,2,0,0,1,0,0,0,0,0,0,0,0,ACTIVE,,1,-1,-1,-1,-1,-1
GH-827d,GH-827d,rocky,normal,low,low,0,0,0,0,0,0,0,0,0,0,0,0,0,0,0,NONE,,0,-1,-1,-1,-1,-1
GH-827e,GH-827e,rocky,normal,low,high,0,0,0,0,0,0,0,0,0,0,0,0,0,0,0,NONE,,0,-1,-1,-1,-1,-1
GH-827f,GH-827f,gaseous,normal,low,normal,0,0,0,0,0,0,0,0,0,0,0,0,0,0,0,NONE,,0,-1,-1,-1,-1,-1
HY-239a,HY-239a,rocky,normal,normal,high,0,0,0,0,0,0,0,0,0,0,0,0,0,0,0,NONE,,0,-1,-1,-1,-1,-1
HY-239b,HY-239b,rocky,normal,low,normal,803,-112,0,2,0,0,1,0,0,0,0,0,0,0,0,ON_STRIKE,,1,-1,-1,-1,-1,-1
HY-239c,HY-239c,rocky,normal,low,normal,0,0,0,0,0,0,0,0,0,0,0,0,0,0,0,NONE,,0,-1,-1,-1,-1,-1
HY-239d,HY-239d,gaseous,normal,low,normal,0,0,0,0,0,0,0,0,0,0,0,0,0,0,0,NONE,,0,-1,-1,-1,-1,-1
HY-239e,HY-239e,gaseous,high,low,normal,0,0,0,0,0,0,0,0,0,0,0,0,0,0,0,NONE,,0,-1,-1,-1,-1,-1
HY-239f,HY-239f,gaseous,high,low,normal,0,0,0,0,0,0,0,0,0,0,0,0,0,0,0,NONE,,0,-1,-1,-1,-1,-1
HY-239g,HY-239g,gaseous,normal,low,normal,0,0,0,0,0,0,0,0,0,0,0,0,0,0,0,NONE,,0,-1,-1,-1,-1,-1
HY-393a,HY-393a,rocky,normal,low,normal,0,0,0,0,0,0,0,0,0,0,0,0,0,0,0,NONE,,0,-1,-1,-1,-1,-1
HY-393b,HY-393b,rocky,normal,low,high,0,0,0,0,0,0,0,0,0,0,0,0,0,0,0,NONE,,0,-1,-1,-1,-1,-1
HY-393c,HY-393c,rocky,normal,low,high,0,0,0,0,0,0,0,0,0,0,0,0,0,0,0,NONE,,0,-1,-1,-1,-1,-1
HY-393d,HY-393d,rocky,normal,low,high,0,0,0,0,0,0,0,0,0,0,0,0,0,0,0,NONE,,0,-1,-1,-1,-1,-1
HY-393e,HY-393e,gaseous,normal,low,normal,0,0,0,0,0,0,0,0,0,0,0,0,0,0,0,NONE,,0,-1,-1,-1,-1,-1
HY-393f,HY-393f,gaseous,high,low,normal,0,0,0,0,0,0,0,0,0,0,0,0,0,0,0,NONE,,0,-1,-1,-1,-1,-1
HY-393g,HY-393g,gaseous,normal,low,normal,0,0,0,0,0,0,0,0,0,0,0,0,0,0,0,NONE,,0,-1,-1,-1,-1,-1
HY-456a,HY-456a,rocky,normal,high,high,0,0,0,0,0,0,0,0,0,0,0,0,0,0,0,NONE,,0,-1,-1,-1,-1,-1
HY-456b,HY-456b,rocky,normal,low,low,0,0,0,0,0,0,0,0,0,0,0,0,0,0,0,NONE,,0,-1,-1,-1,-1,-1
HY-456c,HY-456c,gaseous,normal,low,normal,0,0,0,0,0,0,0,0,0,0,0,0,0,0,0,NONE,,0,-1,-1,-1,-1,-1
HY-456d,HY-456d,gaseous,normal,low,normal,0,0,0,0,0,0,0,0,0,0,0,0,0,0,0,NONE,,0,-1,-1,-1,-1,-1
HY-456e,HY-456e,gaseous,high,low,normal,0,0,0,0,0,0,0,0,0,0,0,0,0,0,0,NONE,,0,-1,-1,-1,-1,-1
HY-608a,HY-608a,rocky,normal,high,high,0,0,0,0,0,0,0,0,0,0,0,0,0,0,0,NONE,,0,-1,-1,-1,-1,-1
HY-608b,HY-608b,rocky,normal,low,normal,0,0,0,0,0,0,0,0,0,0,0,0,0,0,0,NONE,,0,-1,-1,-1,-1,-1
HY-608c,HY-608c,rocky,normal,low,high,0,0,0,0,0,0,0,0,0,0,0,0,0,0,0,NONE,,0,-1,-1,-1,-1,-1
HY-608d,HY-608d,rocky,normal,low,high,0,0,0,0,0,0,0,0,0,0,0,0,0,0,0,NONE,,0,-1,-1,-1,-1,-1
HY-608e,HY-608e,gaseous,normal,low,normal,0,0,0,0,0,0,0,0,0,0,0,0,0,0,0,NONE,,0,-1,-1,-1,-1,-1
HY-608f,HY-608f,gaseous,high,low,normal,0,0,0,0,0,0,0,0,0,0,0,0,0,0,0,NONE,,0,-1,-1,-1,-1,-1
HY-608g,HY-608g,gaseous,high,low,normal,0,0,0,0,0,0,0,0,0,0,0,0,0,0,0,NONE,,0,-1,-1,-1,-1,-1
HY-784a,HY-784a,rocky,normal,low,high,0,0,0,0,0,0,0,0,0,0,0,0,0,0,0,NONE,,0,-1,-1,-1,-1,-1
HY-784b,HY-784b,rocky,low,low,low,0,0,0,0,0,0,0,0,0,0,0,0,0,0,0,NONE,,0,-1,-1,-1,-1,-1
HY-784c,HY-784c,rocky,normal,low,high,0,0,0,0,0,0,0,0,0,0,0,0,0,0,0,NONE,,0,-1,-1,-1,-1,-1
HY-784d,HY-784d,rocky,normal,low,high,0,0,0,0,0,0,0,0,0,0,0,0,0,0,0,NONE,,0,-1,-1,-1,-1,-1
HY-865a,HY-865a,rocky,normal,low,normal,0,0,0,0,0,0,0,0,0,0,0,0,0,0,0,NONE,,0,-1,-1,-1,-1,-1
HY-865b,HY-865b,rocky,normal,normal,low,0,0,0,0,0,0,0,0,0,0,0,0,0,0,0,NONE,,0,-1,-1,-1,-1,-1
HY-865c,HY-865c,rocky,normal,low,high,0,0,0,0,0,0,0,0,0,0,0,0,0,0,0,NONE,,0,-1,-1,-1,-1,-1
HY-865d,HY-865d,rocky,normal,low,normal,0,0,0,0,0,0,0,0,0,0,0,0,0,0,0,NONE,,0,-1,-1,-1,-1,-1
HY-865e,HY-865e,gaseous,normal,low,normal,0,0,0,0,0,0,0,0,0,0,0,0,0,0,0,NONE,,0,-1,-1,-1,-1,-1
HY-976a,HY-976a,rocky,normal,normal,high,0,0,0,0,0,0,0,0,0,0,0,0,0,0,0,NONE,,0,-1,-1,-1,-1,-1
HY-976b,HY-976b,rocky,normal,low,high,0,0,0,0,0,0,0,0,0,0,0,0,0,0,0,NONE,,0,-1,-1,-1,-1,-1
HY-976c,HY-976c,rocky,normal,low,normal,0,0,0,0,0,0,0,0,0,0,0,0,0,0,0,NONE,,0,-1,-1,-1,-1,-1
HY-976d,HY-976d,rocky,normal,low,high,0,0,0,0,0,0,0,0,0,0,0,0,0,0,0,NONE,,0,-1,-1,-1,-1,-1
HY-976e,HY-976e,rocky,normal,low,high,0,0,0,0,0,0,0,0,0,0,0,0,0,0,0,NONE,,0,-1,-1,-1,-1,-1
HY-976f,HY-976f,gaseous,normal,low,normal,0,0,0,0,0,0,0,0,0,0,0,0,0,0,0,NONE,,0,-1,-1,-1,-1,-1
HY-976g,HY-976g,gaseous,normal,low,normal,0,0,0,0,0,0,0,0,0,0,0,0,0,0,0,NONE,,0,-1,-1,-1,-1,-1
HY-976h,HY-976h,gaseous,high,low,normal,0,0,0,0,0,0,0,0,0,0,0,0,0,0,0,NONE,,0,-1,-1,-1,-1,-1
HY-976i,HY-976i,gaseous,normal,low,normal,0,0,0,0,0,0,0,0,0,0,0,0,0,0,0,NONE,,0,-1,-1,-1,-1,-1
HY-976j,HY-976j,rocky,normal,low,high,0,0,0,0,0,0,0,0,0,0,0,0,0,0,0,NONE,,0,-1,-1,-1,-1,-1
JK-749a,JK-749a,rocky,normal,low,low,0,0,0,0,0,0,0,0,0,0,0,0,0,0,0,NONE,,0,17,11,19,10,5
JK-749b,JK-749b,rocky,normal,low,high,207,0,0,1,0,0,1,0,0,0,0,0,0,0,0,NONE,,1,17,11,19,10,5
JK-749c,JK-749c,gaseous,normal,low,normal,0,0,0,0,0,0,0,0,0,0,0,0,0,0,0,NONE,,0,17,11,19,10,5
JK-749d,JK-749d,gaseous,normal,low,normal,530,-21,0,46,-4,0,1,0,0,123,-10,0,61,1,15,ON_STRIKE,,1,17,11,19,10,5
JK-749e,JK-749e,gaseous,normal,low,normal,0,0,0,0,0,0,0,0,0,0,0,0,0,0,0,NONE,,0,17,11,19,10,5
JK-758a,JK-758a,rocky,normal,high,high,0,0,0,0,0,0,0,0,0,0,0,0,0,0,0,NONE,,0,16,10,18,9,4
JK-758b,JK-758b,rocky,normal,low,high,0,0,0,0,0,0,0,0,0,0,0,0,0,0,0,NONE,,0,16,10,18,9,4
JK-758c,JK-758c,rocky,normal,low,high,0,0,0,0,0,0,0,0,0,0,0,0,0,0,0,NONE,,0,16,10,18,9,4
JK-758d,JK-758d,gaseous,normal,low,normal,0,0,0,0,0,0,0,0,0,0,0,0,0,0,0,NONE,,0,16,10,18,9,4
JK-758e,JK-758e,gaseous,normal,low,normal,0,0,0,0,0,0,0,0,0,0,0,0,0,0,0,NONE,,0,16,10,18,9,4
JK-758f,JK-758f,gaseous,normal,low,normal,0,0,0,0,0,0,0,0,0,0,0,0,0,0,0,NONE,,0,16,10,18,9,4
JK-758g,JK-758g,gaseous,normal,low,normal,0,0,0,0,0,0,0,0,0,0,0,0,0,0,0,NONE,,0,16,10,18,9,4
JK-782a,JK-782a,rocky,normal,high,high,0,0,0,0,0,0,0,0,0,0,0,0,0,0,0,NONE,,0,17,11,19,10,5
JK-782b,JK-782b,rocky,normal,high,normal,0,0,0,0,0,0,0,0,0,0,0,0,0,0,0,NONE,,0,17,11,19,10,5
JK-782c,"Time's Edge",rocky,normal,normal,normal,4818,-70,0,13613,-70,0,6093,0,0,240,15,0,42,0,0,ACTIVE,CHEMISTRY,22,17,11,19,10,5
JK-782d,JK-782d,rocky,normal,low,normal,0,0,0,1,0,0,1,0,0,0,0,0,0,0,0,NONE,,0,17,11,19,10,5
JK-782e,JK-782e,rocky,normal,low,high,0,0,0,0,0,0,0,0,0,0,0,0,0,0,0,NONE,,0,17,11,19,10,5
JK-782f,JK-782f,gaseous,normal,low,normal,0,0,0,0,0,0,0,0,0,0,0,0,0,0,0,NONE,,0,17,11,19,10,5
JK-782g,JK-782g,gaseous,normal,low,normal,0,0,0,0,0,0,0,0,0,0,0,0,0,0,0,NONE,,0,17,11,19,10,5
JK-782h,JK-782h,gaseous,high,low,normal,0,0,0,0,0,0,0,0,0,0,0,0,0,0,0,NONE,,0,17,11,19,10,5
JK-782i,JK-782i,gaseous,normal,low,normal,0,0,0,0,0,0,0,0,0,0,0,0,0,0,0,NONE,,0,17,11,19,10,5
JK-782j,JK-782j,gaseous,normal,low,normal,0,0,0,0,0,0,0,0,0,0,0,0,0,0,0,NONE,,0,17,11,19,10,5
JY-136a,JY-136a,rocky,normal,high,high,0,0,0,0,0,0,0,0,0,0,0,0,0,0,0,NONE,,0,-1,-1,-1,-1,-1
JY-136b,JY-136b,rocky,normal,high,high,0,0,0,0,0,0,0,0,0,0,0,0,0,0,0,NONE,,0,-1,-1,-1,-1,-1
JY-136c,JY-136c,rocky,normal,low,low,0,0,0,0,0,0,0,0,0,0,0,0,0,0,0,NONE,,0,-1,-1,-1,-1,-1
JY-136d,JY-136d,rocky,normal,normal,high,0,0,0,0,0,0,0,0,0,0,0,0,0,0,0,NONE,,0,-1,-1,-1,-1,-1
JY-136e,JY-136e,rocky,normal,low,high,0,0,0,0,0,0,0,0,0,0,0,0,0,0,0,NONE,,0,-1,-1,-1,-1,-1
JY-136f,JY-136f,gaseous,normal,low,normal,0,0,0,0,0,0,0,0,0,0,0,0,0,0,0,NONE,,0,-1,-1,-1,-1,-1
JY-136g,JY-136g,gaseous,normal,low,normal,0,0,0,0,0,0,0,0,0,0,0,0,0,0,0,NONE,,0,-1,-1,-1,-1,-1
JY-136h,JY-136h,gaseous,normal,low,normal,0,0,0,0,0,0,0,0,0,0,0,0,0,0,0,NONE,,0,-1,-1,-1,-1,-1
JY-136i,JY-136i,rocky,normal,low,high,0,0,0,0,0,0,0,0,0,0,0,0,0,0,0,NONE,,0,-1,-1,-1,-1,-1
JY-143a,JY-143a,rocky,normal,normal,normal,0,0,0,0,0,0,0,0,0,0,0,0,0,0,0,NONE,,0,-1,-1,-1,-1,-1
JY-143b,JY-143b,rocky,normal,low,high,0,0,0,0,0,0,0,0,0,0,0,0,0,0,0,NONE,,0,-1,-1,-1,-1,-1
JY-143c,JY-143c,rocky,normal,low,low,0,0,0,0,0,0,0,0,0,0,0,0,0,0,0,NONE,,0,-1,-1,-1,-1,-1
JY-143d,JY-143d,rocky,normal,low,high,0,0,0,0,0,0,0,0,0,0,0,0,0,0,0,NONE,,0,-1,-1,-1,-1,-1
JY-143e,JY-143e,gaseous,normal,low,normal,0,0,0,0,0,0,0,0,0,0,0,0,0,0,0,NONE,,0,-1,-1,-1,-1,-1
JY-143f,JY-143f,gaseous,normal,low,normal,0,0,0,0,0,0,0,0,0,0,0,0,0,0,0,NONE,,0,-1,-1,-1,-1,-1
JY-143g,JY-143g,gaseous,normal,low,normal,0,0,0,0,0,0,0,0,0,0,0,0,0,0,0,NONE,,0,-1,-1,-1,-1,-1
JY-313a,JY-313a,rocky,normal,high,normal,0,0,0,0,0,0,0,0,0,0,0,0,0,0,0,NONE,,0,-1,-1,-1,-1,-1
JY-313b,JY-313b,rocky,normal,high,low,0,0,0,0,0,0,0,0,0,0,0,0,0,0,0,NONE,,0,-1,-1,-1,-1,-1
JY-313c,JY-313c,rocky,normal,normal,high,0,0,0,0,0,0,0,0,0,0,0,0,0,0,0,NONE,,0,-1,-1,-1,-1,-1
JY-313d,JY-313d,rocky,normal,low,normal,0,0,0,0,0,0,0,0,0,0,0,0,0,0,0,NONE,,0,-1,-1,-1,-1,-1
JY-313e,JY-313e,rocky,normal,low,normal,0,0,0,0,0,0,0,0,0,0,0,0,0,0,0,NONE,,0,-1,-1,-1,-1,-1
JY-313f,JY-313f,gaseous,normal,low,normal,0,0,0,0,0,0,0,0,0,0,0,0,0,0,0,NONE,,0,-1,-1,-1,-1,-1
JY-327a,JY-327a,rocky,normal,high,low,0,0,0,0,0,0,0,0,0,0,0,0,0,0,0,NONE,,0,-1,-1,-1,-1,-1
JY-327b,JY-327b,rocky,normal,high,low,0,0,0,0,0,0,0,0,0,0,0,0,0,0,0,NONE,,0,-1,-1,-1,-1,-1
JY-327c,JY-327c,rocky,normal,low,high,0,0,0,0,0,0,0,0,0,0,0,0,0,0,0,NONE,,0,-1,-1,-1,-1,-1
JY-327d,JY-327d,rocky,normal,low,normal,0,0,0,0,0,0,0,0,0,0,0,0,0,0,0,NONE,,0,-1,-1,-1,-1,-1
JY-327e,JY-327e,gaseous,normal,low,normal,0,0,0,0,0,0,0,0,0,0,0,0,0,0,0,NONE,,0,-1,-1,-1,-1,-1
JY-327f,JY-327f,gaseous,normal,low,normal,0,0,0,0,0,0,0,0,0,0,0,0,0,0,0,NONE,,0,-1,-1,-1,-1,-1
JY-327g,JY-327g,gaseous,high,low,normal,0,0,0,0,0,0,0,0,0,0,0,0,0,0,0,NONE,,0,-1,-1,-1,-1,-1
JY-327h,JY-327h,gaseous,high,low,normal,0,0,0,0,0,0,0,0,0,0,0,0,0,0,0,NONE,,0,-1,-1,-1,-1,-1
JY-327i,JY-327i,gaseous,normal,low,normal,0,0,0,0,0,0,0,0,0,0,0,0,0,0,0,NONE,,0,-1,-1,-1,-1,-1
JY-327j,JY-327j,rocky,normal,low,low,0,0,0,0,0,0,0,0,0,0,0,0,0,0,0,NONE,,3,-1,-1,-1,-1,-1
JY-427a,JY-427a,rocky,normal,low,high,0,0,0,0,0,0,0,0,0,0,0,0,0,0,0,NONE,,0,-1,-1,-1,-1,-1
JY-427b,JY-427b,rocky,normal,low,high,0,0,0,0,0,0,0,0,0,0,0,0,0,0,0,NONE,,0,-1,-1,-1,-1,-1
JY-427c,JY-427c,rocky,normal,low,normal,0,0,0,0,0,0,0,0,0,0,0,0,0,0,0,NONE,,0,-1,-1,-1,-1,-1
JY-427d,JY-427d,rocky,normal,low,high,0,0,0,0,0,0,0,0,0,0,0,0,0,0,0,NONE,,0,-1,-1,-1,-1,-1
JY-427e,JY-427e,rocky,normal,low,low,0,0,0,0,0,0,0,0,0,0,0,0,0,0,0,NONE,,0,-1,-1,-1,-1,-1
JY-427f,JY-427f,gaseous,normal,low,normal,0,0,0,0,0,0,0,0,0,0,0,0,0,0,0,NONE,,0,-1,-1,-1,-1,-1
JY-427g,JY-427g,gaseous,high,low,normal,0,0,0,0,0,0,0,0,0,0,0,0,0,0,0,NONE,,0,-1,-1,-1,-1,-1
JY-457a,JY-457a,rocky,normal,high,low,0,0,0,0,0,0,0,0,0,0,0,0,0,0,0,NONE,,0,-1,-1,-1,-1,-1
JY-457b,JY-457b,rocky,normal,high,high,0,0,0,0,0,0,0,0,0,0,0,0,0,0,0,NONE,,0,-1,-1,-1,-1,-1
JY-457c,JY-457c,rocky,normal,normal,high,0,0,0,0,0,0,0,0,0,0,0,0,0,0,0,NONE,,0,-1,-1,-1,-1,-1
JY-457d,JY-457d,rocky,normal,low,normal,0,0,0,0,0,0,0,0,0,0,0,0,0,0,0,NONE,,0,-1,-1,-1,-1,-1
JY-457e,JY-457e,gaseous,normal,low,normal,0,0,0,0,0,0,0,0,0,0,0,0,0,0,0,NONE,,0,-1,-1,-1,-1,-1
JY-457f,JY-457f,gaseous,normal,low,normal,0,0,0,0,0,0,0,0,0,0,0,0,0,0,0,NONE,,0,-1,-1,-1,-1,-1
JY-457g,JY-457g,gaseous,high,low,normal,0,0,0,0,0,0,0,0,0,0,0,0,0,0,0,NONE,,0,-1,-1,-1,-1,-1
LB-056a,LB-056a,rocky,normal,high,high,0,0,0,0,0,0,0,0,0,0,0,0,0,0,0,NONE,,0,13,9,17,5,3
LB-056b,LB-056b,rocky,normal,high,high,0,0,0,0,0,0,0,0,0,0,0,0,0,0,0,NONE,,0,13,9,17,5,3
LB-056c,LB-056c,rocky,normal,low,high,0,0,0,0,0,0,0,0,0,0,0,0,0,0,0,NONE,,0,13,9,17,5,3
LB-056d,LB-056d,rocky,normal,low,high,0,0,0,0,0,0,0,0,0,0,0,0,0,0,0,NONE,,0,13,9,17,5,3
LB-056e,LB-056e,gaseous,normal,low,normal,0,0,0,0,0,0,0,0,0,0,0,0,0,0,0,NONE,,0,13,9,17,5,3
LB-056f,LB-056f,gaseous,high,low,normal,0,0,0,0,0,0,0,0,0,0,0,0,0,0,0,NONE,,0,13,9,17,5,3
LB-428a,LB-428a,rocky,normal,high,high,2,0,0,2,0,0,1,0,0,0,0,0,0,0,0,NONE,,0,12,8,16,4,2
LB-428b,LB-428b,rocky,normal,normal,high,0,0,0,2,0,0,1,0,0,0,0,0,0,0,0,ON_STRIKE,,0,12,8,16,4,2
LB-428c,LB-428c,rocky,normal,low,high,6316,1439,1063,26,24,0,1,0,0,0,0,0,0,0,0,ACTIVE,RESOURCE_EXTRACTION,6,12,8,16,4,2
LB-428d,LB-428d,rocky,normal,low,low,2,0,0,2,0,0,0,0,0,0,0,0,0,0,0,ON_STRIKE,,0,12,8,16,4,2
LB-428e,LB-428e,rocky,normal,low,high,2,0,0,2,0,0,1,0,0,0,0,0,0,0,0,ACTIVE,,1,12,8,16,4,2
LB-428f,LB-428f,gaseous,high,low,normal,0,0,0,0,0,0,0,0,0,0,0,0,0,0,0,PLANNED,,0,12,8,16,4,2
LB-428g,LB-428g,gaseous,high,low,normal,0,0,0,0,0,0,0,0,0,0,0,0,0,0,0,NONE,,0,12,8,16,4,2
LB-428h,LB-428h,gaseous,normal,low,normal,5449,995,0,547,62,0,1,-1,0,0,0,0,0,0,0,ACTIVE,FUEL_REFINING,5,12,8,16,4,2
LB-476a,LB-476a,rocky,normal,high,high,0,0,0,0,0,0,0,0,0,0,0,0,0,0,0,NONE,,0,13,7,15,5,3
LB-476b,LB-476b,rocky,normal,normal,high,9289,-42,0,14429,195,0,3477,113,0,73,11,0,2,0,0,ACTIVE,CHEMISTRY,22,13,7,15,5,3
LB-476c,Boombastic,rocky,normal,normal,high,3445,-53,0,8822,-25,0,2771,-4,20,1,0,0,0,0,0,ACTIVE,CHEMISTRY,15,13,7,15,5,3
LB-476d,LB-476d,rocky,normal,low,low,0,0,0,0,0,0,0,0,0,0,0,0,0,0,0,NONE,,0,13,7,15,5,3
LB-506a,LB-506a,rocky,normal,low,high,0,0,0,0,0,0,0,0,0,0,0,0,0,0,0,NONE,,0,14,8,16,6,2
LB-506b,LB-506b,rocky,normal,low,high,390,23,0,2,0,0,1,0,0,0,0,0,0,0,0,NONE,,1,14,8,16,6,2
LB-506c,LB-506c,rocky,normal,low,high,0,0,0,0,0,0,0,0,0,0,0,0,0,0,0,NONE,,0,14,8,16,6,2
LB-506d,LB-506d,rocky,normal,low,high,0,0,0,0,0,0,0,0,0,0,0,0,0,0,0,NONE,,0,14,8,16,6,2
LB-506e,LB-506e,rocky,normal,low,high,0,0,0,0,0,0,0,0,0,0,0,0,0,0,0,NONE,,0,14,8,16,6,2
LB-506f,LB-506f,gaseous,normal,low,normal,752,-8,0,267,1,0,1,0,0,0,0,0,0,0,0,ACTIVE,FUEL_REFINING,1,14,8,16,6,2
LB-506g,LB-506g,gaseous,normal,low,normal,770,-31,0,257,4,0,1,0,0,0,0,0,0,0,0,ACTIVE,FUEL_REFINING,1,14,8,16,6,2
LB-716a,LB-716a,rocky,normal,high,high,15,-4,0,2,0,0,392,-2,0,284,1,0,1,0,0,ACTIVE,CONSTRUCTION,1,13,8,16,5,3
LB-716b,LB-716b,rocky,normal,low,low,200,0,0,359,0,0,381,0,0,1,0,0,0,0,0,ACTIVE,CONSTRUCTION,1,13,8,16,5,3
LB-716c,LB-716c,rocky,normal,low,high,249,-1,0,406,0,0,296,0,0,1,0,0,0,0,0,ACTIVE,CONSTRUCTION,1,13,8,16,5,3
LB-716d,LB-716d,rocky,normal,low,low,2,0,0,1,0,0,357,1,4,294,0,0,1,0,0,ACTIVE,CONSTRUCTION,1,13,8,16,5,3
LB-716e,LB-716e,rocky,normal,low,high,200,-2,0,356,0,0,353,4,0,1,0,0,0,0,0,ACTIVE,CONSTRUCTION,1,13,8,16,5,3
LZ-088a,LZ-088a,rocky,normal,high,low,0,0,0,0,0,0,0,0,0,0,0,0,0,0,0,NONE,,0,-1,-1,-1,-1,-1
LZ-088b,LZ-088b,rocky,normal,high,high,0,0,0,0,0,0,0,0,0,0,0,0,0,0,0,NONE,,0,-1,-1,-1,-1,-1
LZ-088c,LZ-088c,rocky,normal,low,normal,0,0,0,0,0,0,0,0,0,0,0,0,0,0,0,NONE,,0,-1,-1,-1,-1,-1
LZ-088d,LZ-088d,rocky,normal,low,normal,0,0,0,0,0,0,0,0,0,0,0,0,0,0,0,NONE,,0,-1,-1,-1,-1,-1
LZ-088e,LZ-088e,gaseous,normal,low,normal,0,0,0,0,0,0,0,0,0,0,0,0,0,0,0,NONE,,0,-1,-1,-1,-1,-1
LZ-088f,LZ-088f,gaseous,normal,low,normal,0,0,0,0,0,0,0,0,0,0,0,0,0,0,0,NONE,,0,-1,-1,-1,-1,-1
LZ-189a,LZ-189a,rocky,normal,normal,low,0,0,0,0,0,0,0,0,0,0,0,0,0,0,0,NONE,,0,-1,-1,-1,-1,-1
LZ-189b,LZ-189b,rocky,normal,low,high,0,0,0,0,0,0,0,0,0,0,0,0,0,0,0,NONE,,0,-1,-1,-1,-1,-1
LZ-189c,LZ-189c,rocky,normal,low,low,0,0,0,0,0,0,0,0,0,0,0,0,0,0,0,NONE,,0,-1,-1,-1,-1,-1
LZ-189d,LZ-189d,rocky,normal,low,high,0,0,0,0,0,0,0,0,0,0,0,0,0,0,0,NONE,,0,-1,-1,-1,-1,-1
LZ-259a,LZ-259a,rocky,normal,low,high,0,0,0,0,0,0,0,0,0,0,0,0,0,0,0,NONE,,0,-1,-1,-1,-1,-1
LZ-259b,LZ-259b,rocky,normal,low,normal,0,0,0,0,0,0,0,0,0,0,0,0,0,0,0,NONE,,0,-1,-1,-1,-1,-1
LZ-259c,LZ-259c,rocky,normal,low,low,0,0,0,0,0,0,0,0,0,0,0,0,0,0,0,NONE,,0,-1,-1,-1,-1,-1
LZ-259d,LZ-259d,rocky,normal,low,normal,0,0,0,0,0,0,0,0,0,0,0,0,0,0,0,NONE,,0,-1,-1,-1,-1,-1
LZ-259e,LZ-259e,rocky,normal,low,high,0,0,0,0,0,0,0,0,0,0,0,0,0,0,0,NONE,,0,-1,-1,-1,-1,-1
LZ-259f,LZ-259f,gaseous,normal,low,normal,0,0,0,0,0,0,0,0,0,0,0,0,0,0,0,NONE,,0,-1,-1,-1,-1,-1
LZ-259g,LZ-259g,gaseous,normal,low,normal,0,0,0,0,0,0,0,0,0,0,0,0,0,0,0,NONE,,0,-1,-1,-1,-1,-1
LZ-259h,LZ-259h,gaseous,normal,low,normal,0,0,0,0,0,0,0,0,0,0,0,0,0,0,0,NONE,,0,-1,-1,-1,-1,-1
LZ-259i,LZ-259i,gaseous,normal,low,normal,0,0,0,0,0,0,0,0,0,0,0,0,0,0,0,NONE,,0,-1,-1,-1,-1,-1
LZ-270a,LZ-270a,rocky,normal,normal,low,0,0,0,0,0,0,0,0,0,0,0,0,0,0,0,NONE,,0,-1,-1,-1,-1,-1
LZ-270b,LZ-270b,rocky,normal,low,normal,0,0,0,0,0,0,0,0,0,0,0,0,0,0,0,NONE,,0,-1,-1,-1,-1,-1
LZ-270c,LZ-270c,rocky,normal,low,high,0,0,0,0,0,0,0,0,0,0,0,0,0,0,0,NONE,,0,-1,-1,-1,-1,-1
LZ-270d,LZ-270d,rocky,normal,low,high,0,0,0,0,0,0,0,0,0,0,0,0,0,0,0,NONE,,0,-1,-1,-1,-1,-1
LZ-270e,LZ-270e,gaseous,normal,low,normal,0,0,0,0,0,0,0,0,0,0,0,0,0,0,0,NONE,,0,-1,-1,-1,-1,-1
LZ-270f,LZ-270f,gaseous,high,low,normal,0,0,0,0,0,0,0,0,0,0,0,0,0,0,0,NONE,,0,-1,-1,-1,-1,-1
LZ-270g,LZ-270g,gaseous,high,low,normal,0,0,0,0,0,0,0,0,0,0,0,0,0,0,0,NONE,,0,-1,-1,-1,-1,-1
LZ-270h,LZ-270h,gaseous,normal,low,normal,0,0,0,0,0,0,0,0,0,0,0,0,0,0,0,NONE,,0,-1,-1,-1,-1,-1
LZ-270i,LZ-270i,rocky,normal,low,high,0,0,0,0,0,0,0,0,0,0,0,0,0,0,0,NONE,,0,-1,-1,-1,-1,-1
LZ-813a,LZ-813a,rocky,normal,high,low,0,0,0,0,0,0,0,0,0,0,0,0,0,0,0,NONE,,0,-1,-1,-1,-1,-1
LZ-813b,LZ-813b,rocky,normal,high,low,0,0,0,0,0,0,0,0,0,0,0,0,0,0,0,NONE,,0,-1,-1,-1,-1,-1
LZ-813c,LZ-813c,rocky,normal,high,high,0,0,0,0,0,0,0,0,0,0,0,0,0,0,0,NONE,,0,-1,-1,-1,-1,-1
LZ-813d,LZ-813d,gaseous,normal,low,normal,0,0,0,0,0,0,0,0,0,0,0,0,0,0,0,NONE,,0,-1,-1,-1,-1,-1
LZ-813e,LZ-813e,gaseous,normal,low,normal,0,0,0,0,0,0,0,0,0,0,0,0,0,0,0,NONE,,0,-1,-1,-1,-1,-1
OP-964a,OP-964a,rocky,normal,normal,low,0,0,0,0,0,0,0,0,0,0,0,0,0,0,0,NONE,,0,17,11,19,9,5
OP-964b,OP-964b,rocky,normal,high,high,0,0,0,0,0,0,0,0,0,0,0,0,0,0,0,NONE,,0,17,11,19,9,5
OP-964c,OP-964c,rocky,normal,low,high,0,0,0,0,0,0,0,0,0,0,0,0,0,0,0,NONE,,0,17,11,19,9,5
OP-964d,OP-964d,gaseous,high,low,normal,0,0,0,0,0,0,0,0,0,0,0,0,0,0,0,NONE,,0,17,11,19,9,5
OP-964e,OP-964e,gaseous,high,low,normal,0,0,0,0,0,0,0,0,0,0,0,0,0,0,0,NONE,,0,17,11,19,9,5
OT-115a,OT-115a,rocky,normal,high,low,719,0,0,2,0,0,1,0,0,0,0,0,0,0,0,NONE,,1,14,8,16,6,2
OT-115b,OT-115b,rocky,normal,low,high,0,0,0,0,0,0,0,0,0,0,0,0,0,0,0,NONE,,0,14,8,16,6,2
OT-115c,OT-115c,rocky,normal,low,high,0,0,0,0,0,0,0,0,0,0,0,0,0,0,0,NONE,,0,14,8,16,6,2
OT-115d,OT-115d,gaseous,normal,low,normal,1654,519,85,2097,15,0,1,0,0,0,0,0,0,0,0,ACTIVE,CHEMISTRY,4,14,8,16,6,2
OT-442a,OT-442a,rocky,normal,high,normal,10572,-319,0,14323,-590,0,3839,-521,0,1680,-188,0,370,-63,0,ACTIVE,MANUFACTURING,26,13,7,15,5,1
OT-442b,Danakil,rocky,normal,normal,normal,136779,581,0,49629,-167,0,39751,341,0,10766,-189,0,110,5,0,ACTIVE,CONSTRUCTION,291,13,7,15,5,1
OT-442c,OT-442c,rocky,low,low,low,0,0,60,2,0,0,1,0,0,1,0,0,0,0,0,PLANNED,,2,13,7,15,5,1
OT-442d,OT-442d,rocky,normal,low,high,1391,54,0,2073,141,0,1608,164,6,7,3,0,0,0,0,ACTIVE,,9,13,7,15,5,1
OT-442e,OT-442e,gaseous,normal,low,normal,1025,0,255,2,0,0,1,0,0,0,0,0,0,0,0,ON_STRIKE,,1,13,7,15,5,1
OT-442f,OT-442f,gaseous,high,low,normal,947,0,0,2,0,0,1,0,0,0,0,0,0,0,0,ON_STRIKE,,1,13,7,15,5,1
OT-442g,OT-442g,gaseous,high,low,normal,0,0,0,0,0,0,0,0,0,0,0,0,0,0,0,NONE,,0,13,7,15,5,1
OT-442h,Manakil,gaseous,normal,low,normal,16268,-54,0,343,-3,0,1,0,0,0,0,0,0,0,0,ACTIVE,,19,13,7,15,5,1
OT-442i,OT-442i,rocky,normal,low,low,726,-8,0,267,0,0,1,0,0,0,0,0,0,0,0,ACTIVE,FUEL_REFINING,1,13,7,15,5,1
OT-580a,Iiron,rocky,normal,high,high,19689,-223,0,4721,24,0,4887,16,0,1695,36,0,1,0,0,ACTIVE,CONSTRUCTION,35,12,6,14,6,0
OT-580b,Montem,rocky,normal,normal,normal,215533,-1383,0,123829,-49,0,33696,329,0,6632,129,0,374,16,0,ACTIVE,CHEMISTRY,506,12,6,14,6,0
OT-580c,Vallis,rocky,normal,normal,normal,311255,-1037,0,68552,509,0,11745,30,0,3668,11,0,128,-2,0,ACTIVE,METALLURGY,682,12,6,14,6,0
OT-580d,Pallada,rocky,normal,low,high,16188,-74,0,5949,206,0,407,61,69,2,1,0,0,0,0,ACTIVE,FOOD_INDUSTRIES,22,12,6,14,6,0
OT-580e,"Fresnel Beacon",gaseous,normal,low,normal,15631,-230,0,8195,230,0,1,0,0,1,0,0,0,0,0,ACTIVE,AGRICULTURE,20,12,6,14,6,0
OT-889a,Prism,rocky,normal,normal,normal,99489,-755,1221,6505,150,0,486,6,0,9,-1,50,0,0,0,ACTIVE,RESOURCE_EXTRACTION,168,14,8,16,7,2
OT-889b,Jeetiyu,rocky,normal,normal,normal,368,-45,0,13849,-160,0,28614,-128,0,16155,-215,0,10729,-120,0,ACTIVE,ELECTRONICS,108,14,8,16,7,2
OT-889c,OT-889c,rocky,normal,low,normal,26550,-531,0,48383,-120,0,15521,571,0,2106,98,0,29,-1,0,ACTIVE,CHEMISTRY,67,14,8,16,7,2
OT-889d,OT-889d,rocky,normal,low,normal,18188,-281,0,12088,30,0,5123,-229,0,1727,-65,0,171,-26,0,ACTIVE,MANUFACTURING,30,14,8,16,7,2
OT-889e,OT-889e,rocky,normal,low,low,2190,-48,0,3304,-13,0,4456,20,0,1360,-7,0,1,0,0,ACTIVE,CONSTRUCTION,15,14,8,16,7,2
OT-889f,OT-889f,gaseous,normal,low,normal,0,0,0,0,0,0,0,0,0,0,0,0,0,0,0,NONE,,0,14,8,16,7,2
OT-889g,OT-889g,gaseous,normal,low,normal,0,0,0,0,0,0,0,0,0,0,0,0,0,0,0,NONE,,0,14,8,16,7,2
QQ-001a,Circa,rocky,normal,normal,normal,69741,748,0,76086,1006,0,15707,152,0,4148,-6,0,488,45,0,ACTIVE,MANUFACTURING,149,15,9,17,7,3
QQ-001b,Circe,rocky,normal,normal,normal,69812,-306,0,130931,-158,0,38629,319,0,6076,29,0,382,1,0,ACTIVE,CHEMISTRY,198,15,9,17,7,3
QQ-001c,QQ-001c,rocky,normal,low,high,923,-48,0,2518,-285,0,5,-2,0,1,0,0,1,0,0,ACTIVE,,4,15,9,17,7,3
QQ-001d,QQ-001d,gaseous,normal,low,normal,0,0,0,0,0,0,0,0,0,0,0,0,0,0,0,NONE,,0,15,9,17,7,3
QQ-033a,QQ-033a,rocky,low,normal,low,0,0,0,0,0,0,0,0,0,0,0,0,0,0,0,NONE,,0,17,11,19,9,5
QQ-033b,QQ-033b,rocky,normal,low,normal,0,0,0,0,0,0,0,0,0,0,0,0,0,0,0,NONE,,0,17,11,19,9,5
QQ-033c,QQ-033c,rocky,normal,low,high,0,0,0,0,0,0,0,0,0,0,0,0,0,0,0,NONE,,0,17,11,19,9,5
QQ-033d,QQ-033d,gaseous,normal,low,normal,0,0,0,0,0,0,0,0,0,0,0,0,0,0,0,NONE,,0,17,11,19,9,5
QQ-033e,QQ-033e,gaseous,normal,low,normal,0,0,0,0,0,0,0,0,0,0,0,0,0,0,0,NONE,,0,17,11,19,9,5
QQ-033f,QQ-033f,gaseous,high,low,normal,0,0,0,0,0,0,0,0,0,0,0,0,0,0,0,NONE,,0,17,11,19,9,5
QQ-033g,QQ-033g,gaseous,normal,low,normal,0,0,0,0,0,0,0,0,0,0,0,0,0,0,0,NONE,,0,17,11,19,9,5
QQ-082a,QQ-082a,rocky,low,high,low,0,0,0,0,0,0,0,0,0,0,0,0,0,0,0,NONE,,0,15,9,17,7,3
QQ-082b,Caradhras,rocky,normal,normal,low,33418,-317,0,8920,-215,0,239,-17,0,1,0,0,0,0,0,ACTIVE,METALLURGY,47,15,9,17,7,3
QQ-082c,QQ-082c,rocky,normal,low,normal,0,0,0,0,0,0,0,0,0,0,0,0,0,0,0,PLANNED,,0,15,9,17,7,3
QQ-082d,QQ-082d,rocky,normal,low,high,0,0,0,0,0,0,0,0,0,0,0,0,0,0,0,NONE,,0,15,9,17,7,3
QQ-082e,QQ-082e,gaseous,normal,low,normal,0,0,0,0,0,0,0,0,0,0,0,0,0,0,0,NONE,,0,15,9,17,7,3
QQ-082f,QQ-082f,gaseous,high,low,normal,0,0,0,0,0,0,0,0,0,0,0,0,0,0,0,NONE,,0,15,9,17,7,3
QQ-645a,QQ-645a,rocky,normal,high,normal,4430,0,0,2,0,0,1,0,0,0,0,0,0,0,0,ACTIVE,METALLURGY,5,16,10,18,8,4
QQ-645b,Celebdil,rocky,normal,normal,low,50099,-309,1312,2327,40,0,267,-31,0,1,0,0,0,0,0,ACTIVE,RESOURCE_EXTRACTION,79,16,10,18,8,4
QQ-645c,QQ-645c,rocky,normal,normal,high,0,0,0,0,0,0,0,0,0,0,0,0,0,0,0,NONE,,0,16,10,18,8,4
QQ-645d,QQ-645d,rocky,normal,low,high,0,0,0,0,0,0,0,0,0,0,0,0,0,0,0,NONE,,0,16,10,18,8,4
QQ-645e,QQ-645e,gaseous,normal,low,normal,0,0,0,0,0,0,0,0,0,0,0,0,0,0,0,NONE,,0,16,10,18,8,4
QQ-786a,QQ-786a,rocky,normal,high,high,2,0,0,2,0,0,0,0,0,0,0,0,0,0,0,NONE,,1,16,10,18,8,4
QQ-786b,QQ-786b,rocky,normal,normal,high,2,0,0,2,0,0,1,0,0,0,0,0,0,0,0,ON_STRIKE,,1,16,10,18,8,4
QQ-786c,QQ-786c,rocky,normal,low,high,2,0,0,2,0,0,0,0,0,0,0,0,0,0,0,NONE,,1,16,10,18,8,4
QQ-786d,QQ-786d,rocky,normal,low,high,2,0,0,2,0,0,0,0,0,0,0,0,0,0,0,NONE,,1,16,10,18,8,4
RC-040a,RC-040a,rocky,normal,high,low,2,0,0,2,0,0,1,0,0,0,0,0,0,0,0,ON_STRIKE,,0,11,4,12,8,4
RC-040b,Malahat,rocky,normal,normal,normal,3261,168,0,8175,-114,0,33719,-219,0,12871,-1133,0,16234,-1379,0,ACTIVE,ELECTRONICS,115,11,4,12,8,4
RC-040c,Ironforge,rocky,normal,low,normal,12378,-52,0,371,-8,0,26,3,0,1,0,0,0,0,0,ACTIVE,RESOURCE_EXTRACTION,12,11,4,12,8,4
RC-040d,Alexandria,rocky,normal,low,high,6007,-101,0,8712,6,0,5508,75,0,892,-46,0,2,-2,0,ACTIVE,CHEMISTRY,19,11,4,12,8,4
RC-040e,RC-040e,gaseous,normal,low,normal,0,0,0,0,0,0,0,0,0,0,0,0,0,0,0,NONE,,0,11,4,12,8,4
RC-040f,RC-040f,gaseous,normal,low,normal,0,0,0,2,0,0,1,0,0,0,0,0,0,0,0,PLANNED,,1,11,4,12,8,4
RC-040g,RC-040g,gaseous,normal,low,normal,0,0,0,0,0,0,0,0,0,0,0,0,0,0,0,NONE,,0,11,4,12,8,4
RC-639a,RC-639a,rocky,normal,high,high,17945,724,0,820,32,0,1,0,0,0,0,0,0,0,0,ACTIVE,RESOURCE_EXTRACTION,15,15,9,17,9,3
RC-639b,RC-639b,rocky,normal,low,high,0,0,0,0,0,0,0,0,0,0,0,0,0,0,0,NONE,,0,15,9,17,9,3
RC-639c,RC-639c,rocky,normal,low,high,0,0,0,0,0,0,0,0,0,0,0,0,0,0,0,NONE,,0,15,9,17,9,3
RC-639d,RC-639d,gaseous,normal,low,normal,0,0,0,0,0,0,0,0,0,0,0,0,0,0,0,NONE,,0,15,9,17,9,3
RC-639e,RC-639e,gaseous,normal,low,normal,0,0,0,0,0,0,0,0,0,0,0,0,0,0,0,NONE,,0,15,9,17,9,3
RC-639f,RC-639f,gaseous,normal,low,normal,0,0,0,0,0,0,0,0,0,0,0,0,0,0,0,NONE,,0,15,9,17,9,3
RC-659a,RC-659a,rocky,normal,low,low,0,0,0,0,0,0,0,0,0,0,0,0,0,0,0,NONE,,0,15,8,16,10,4
RC-659b,RC-659b,rocky,normal,low,low,0,0,0,0,0,0,0,0,0,0,0,0,0,0,0,NONE,,0,15,8,16,10,4
RC-659c,RC-659c,rocky,normal,low,low,0,0,0,0,0,0,0,0,0,0,0,0,0,0,0,NONE,,0,15,8,16,10,4
RC-659d,RC-659d,rocky,normal,low,low,0,0,0,0,0,0,0,0,0,0,0,0,0,0,0,NONE,,0,15,8,16,10,4
RC-659e,RC-659e,gaseous,normal,low,normal,0,0,0,0,0,0,0,0,0,0,0,0,0,0,0,NONE,,0,15,8,16,10,4
RC-659f,RC-659f,gaseous,normal,low,normal,0,0,0,0,0,0,0,0,0,0,0,0,0,0,0,NONE,,0,15,8,16,10,4
RC-659g,RC-659g,gaseous,normal,low,normal,0,0,0,0,0,0,0,0,0,0,0,0,0,0,0,NONE,,0,15,8,16,10,4
RC-668a,RC-668a,rocky,normal,high,low,0,0,0,0,0,0,0,0,0,0,0,0,0,0,0,NONE,,0,14,7,15,11,5
RC-668b,RC-668b,rocky,normal,low,normal,0,0,0,0,0,0,0,0,0,0,0,0,0,0,0,NONE,,0,14,7,15,11,5
RC-668c,RC-668c,rocky,normal,low,high,0,0,0,0,0,0,0,0,0,0,0,0,0,0,0,NONE,,0,14,7,15,11,5
RC-668d,RC-668d,rocky,normal,low,high,0,0,0,0,0,0,0,0,0,0,0,0,0,0,0,NONE,,0,14,7,15,11,5
RC-668e,RC-668e,gaseous,normal,low,normal,0,0,0,0,0,0,0,0,0,0,0,0,0,0,0,NONE,,0,14,7,15,11,5
RC-668f,RC-668f,gaseous,normal,low,normal,0,0,0,0,0,0,0,0,0,0,0,0,0,0,0,NONE,,0,14,7,15,11,5
RC-668g,RC-668g,gaseous,high,low,normal,0,0,0,0,0,0,0,0,0,0,0,0,0,0,0,NONE,,0,14,7,15,11,5
RC-668h,RC-668h,gaseous,normal,low,normal,0,0,0,0,0,0,0,0,0,0,0,0,0,0,0,NONE,,0,14,7,15,11,5
RC-944a,RC-944a,rocky,normal,high,normal,0,0,0,0,0,0,0,0,0,0,0,0,0,0,0,NONE,,0,12,5,13,9,5
RC-944b,RC-944b,rocky,normal,low,high,0,0,0,0,0,0,0,0,0,0,0,0,0,0,0,NONE,,0,12,5,13,9,5
RC-944c,RC-944c,rocky,normal,low,low,2,0,0,2,0,0,0,0,0,0,0,0,0,0,0,NONE,,0,12,5,13,9,5
RC-944d,RC-944d,rocky,normal,low,normal,202,5,0,450,2,0,297,2,0,123,2,0,23,1,18,ACTIVE,,1,12,5,13,9,5
RC-944e,RC-944e,rocky,normal,low,high,0,0,0,0,0,0,0,0,0,0,0,0,0,0,0,NONE,,0,12,5,13,9,5
RC-944f,RC-944f,gaseous,normal,low,normal,0,0,0,0,0,0,0,0,0,0,0,0,0,0,0,NONE,,0,12,5,13,9,5
RC-944g,RC-944g,gaseous,normal,low,normal,474,-1,0,285,1,0,1,0,0,1,0,0,0,0,0,ACTIVE,MANUFACTURING,1,12,5,13,9,5
TO-392a,TO-392a,rocky,normal,high,low,2562,6,164,875,1,0,1,0,0,1,0,0,0,0,0,ON_STRIKE,,4,13,7,15,7,1
TO-392b,TO-392b,rocky,normal,high,high,0,0,0,0,0,0,0,0,0,0,0,0,0,0,0,NONE,,0,13,7,15,7,1
TO-392c,TO-392c,rocky,normal,low,high,523,-5,87,601,-42,0,308,-37,0,1,0,0,0,0,0,ACTIVE,,4,13,7,15,7,1
TO-392d,Sabaton,rocky,normal,low,high,33956,-2,0,7583,216,0,505,4,0,67,-6,27,1,0,0,ACTIVE,METALLURGY,51,13,7,15,7,1
TO-392e,TO-392e,rocky,normal,low,low,5900,-85,0,16354,-97,0,5185,170,0,42,4,0,1,0,0,ACTIVE,CHEMISTRY,21,13,7,15,7,1
TO-392f,TO-392f,gaseous,normal,low,normal,1221,-17,0,293,17,0,1,0,0,0,0,0,0,0,0,ACTIVE,FUEL_REFINING,1,13,7,15,7,1
TO-392g,TO-392g,gaseous,normal,low,normal,2,0,0,2,0,0,1,0,0,0,0,0,0,0,0,ON_STRIKE,,0,13,7,15,7,1
TO-392h,TO-392h,gaseous,high,low,normal,0,0,0,0,0,0,0,0,0,0,0,0,0,0,0,NONE,,0,13,7,15,7,1
UI-199a,UI-199a,rocky,normal,high,high,0,0,0,0,0,0,0,0,0,0,0,0,0,0,0,NONE,,0,-1,-1,-1,-1,-1
UI-199b,UI-199b,rocky,normal,normal,high,0,0,0,0,0,0,0,0,0,0,0,0,0,0,0,NONE,,0,-1,-1,-1,-1,-1
UI-199c,UI-199c,rocky,normal,low,normal,0,0,0,0,0,0,0,0,0,0,0,0,0,0,0,NONE,,0,-1,-1,-1,-1,-1
UI-199d,UI-199d,gaseous,normal,low,normal,0,0,0,0,0,0,0,0,0,0,0,0,0,0,0,NONE,,0,-1,-1,-1,-1,-1
UI-199e,UI-199e,gaseous,high,low,normal,0,0,0,0,0,0,0,0,0,0,0,0,0,0,0,NONE,,0,-1,-1,-1,-1,-1
UI-199f,UI-199f,gaseous,high,low,normal,0,0,0,0,0,0,0,0,0,0,0,0,0,0,0,NONE,,0,-1,-1,-1,-1,-1
UI-199g,UI-199g,gaseous,normal,low,normal,0,0,0,0,0,0,0,0,0,0,0,0,0,0,0,NONE,,0,-1,-1,-1,-1,-1
UI-206a,UI-206a,rocky,normal,high,high,0,0,0,0,0,0,0,0,0,0,0,0,0,0,0,NONE,,0,-1,-1,-1,-1,-1
UI-206b,UI-206b,rocky,normal,low,high,0,0,0,0,0,0,0,0,0,0,0,0,0,0,0,NONE,,0,-1,-1,-1,-1,-1
UI-206c,UI-206c,rocky,normal,low,normal,0,0,0,0,0,0,0,0,0,0,0,0,0,0,0,NONE,,0,-1,-1,-1,-1,-1
UI-206d,UI-206d,rocky,normal,low,high,0,0,0,0,0,0,0,0,0,0,0,0,0,0,0,NONE,,0,-1,-1,-1,-1,-1
UI-206e,UI-206e,rocky,normal,low,high,0,0,0,0,0,0,0,0,0,0,0,0,0,0,0,NONE,,0,-1,-1,-1,-1,-1
UI-206f,UI-206f,gaseous,normal,low,normal,0,0,0,0,0,0,0,0,0,0,0,0,0,0,0,NONE,,0,-1,-1,-1,-1,-1
UI-206g,UI-206g,gaseous,high,low,normal,0,0,0,0,0,0,0,0,0,0,0,0,0,0,0,NONE,,0,-1,-1,-1,-1,-1
UI-206h,UI-206h,gaseous,high,low,normal,0,0,0,0,0,0,0,0,0,0,0,0,0,0,0,NONE,,0,-1,-1,-1,-1,-1
UI-491a,UI-491a,rocky,normal,high,low,0,0,0,0,0,0,0,0,0,0,0,0,0,0,0,NONE,,0,-1,-1,-1,-1,-1
UI-491b,UI-491b,rocky,normal,normal,high,0,0,0,0,0,0,0,0,0,0,0,0,0,0,0,NONE,,0,-1,-1,-1,-1,-1
UI-491c,UI-491c,rocky,normal,low,low,0,0,0,0,0,0,0,0,0,0,0,0,0,0,0,NONE,,0,-1,-1,-1,-1,-1
UI-491d,UI-491d,rocky,normal,low,low,0,0,0,0,0,0,0,0,0,0,0,0,0,0,0,NONE,,0,-1,-1,-1,-1,-1
UI-491e,UI-491e,rocky,normal,low,high,0,0,0,0,0,0,0,0,0,0,0,0,0,0,0,NONE,,0,-1,-1,-1,-1,-1
UI-491f,UI-491f,gaseous,normal,low,normal,0,0,0,0,0,0,0,0,0,0,0,0,0,0,0,NONE,,0,-1,-1,-1,-1,-1
UI-550a,UI-550a,rocky,normal,normal,low,0,0,0,0,0,0,0,0,0,0,0,0,0,0,0,NONE,,0,-1,-1,-1,-1,-1
UI-550b,UI-550b,rocky,normal,low,high,0,0,0,0,0,0,0,0,0,0,0,0,0,0,0,NONE,,0,-1,-1,-1,-1,-1
UI-550c,UI-550c,rocky,normal,low,high,0,0,0,0,0,0,0,0,0,0,0,0,0,0,0,NONE,,0,-1,-1,-1,-1,-1
UI-550d,UI-550d,gaseous,normal,low,normal,0,0,0,0,0,0,0,0,0,0,0,0,0,0,0,NONE,,0,-1,-1,-1,-1,-1
UI-550e,UI-550e,gaseous,high,low,normal,0,0,0,0,0,0,0,0,0,0,0,0,0,0,0,NONE,,0,-1,-1,-1,-1,-1
UI-550f,UI-550f,gaseous,high,low,normal,0,0,0,0,0,0,0,0,0,0,0,0,0,0,0,NONE,,0,-1,-1,-1,-1,-1
UI-550g,UI-550g,gaseous,normal,low,normal,0,0,0,0,0,0,0,0,0,0,0,0,0,0,0,NONE,,0,-1,-1,-1,-1,-1
UI-938a,UI-938a,rocky,normal,low,high,0,0,0,0,0,0,0,0,0,0,0,0,0,0,0,NONE,,0,-1,-1,-1,-1,-1
UI-938b,UI-938b,rocky,normal,low,low,0,0,0,0,0,0,0,0,0,0,0,0,0,0,0,NONE,,0,-1,-1,-1,-1,-1
UI-938c,UI-938c,rocky,normal,low,high,0,0,0,0,0,0,0,0,0,0,0,0,0,0,0,NONE,,0,-1,-1,-1,-1,-1
UI-938d,UI-938d,rocky,normal,low,high,0,0,0,0,0,0,0,0,0,0,0,0,0,0,0,NONE,,0,-1,-1,-1,-1,-1
UI-938e,UI-938e,rocky,normal,low,low,0,0,0,0,0,0,0,0,0,0,0,0,0,0,0,NONE,,0,-1,-1,-1,-1,-1
UI-938f,UI-938f,gaseous,high,low,normal,0,0,0,0,0,0,0,0,0,0,0,0,0,0,0,NONE,,0,-1,-1,-1,-1,-1
UI-938g,UI-938g,gaseous,high,low,normal,0,0,0,0,0,0,0,0,0,0,0,0,0,0,0,NONE,,0,-1,-1,-1,-1,-1
UI-973a,UI-973a,rocky,normal,high,high,0,0,0,0,0,0,0,0,0,0,0,0,0,0,0,NONE,,0,-1,-1,-1,-1,-1
UI-973b,UI-973b,rocky,normal,high,low,0,0,0,0,0,0,0,0,0,0,0,0,0,0,0,NONE,,0,-1,-1,-1,-1,-1
UI-973c,UI-973c,rocky,normal,normal,normal,0,0,0,0,0,0,0,0,0,0,0,0,0,0,0,NONE,,0,-1,-1,-1,-1,-1
UI-973d,UI-973d,gaseous,normal,low,normal,0,0,0,0,0,0,0,0,0,0,0,0,0,0,0,NONE,,0,-1,-1,-1,-1,-1
UI-973e,UI-973e,gaseous,normal,low,normal,0,0,0,0,0,0,0,0,0,0,0,0,0,0,0,NONE,,0,-1,-1,-1,-1,-1
UI-986a,UI-986a,rocky,normal,high,high,0,0,0,0,0,0,0,0,0,0,0,0,0,0,0,NONE,,0,-1,-1,-1,-1,-1
UI-986b,UI-986b,rocky,normal,normal,low,0,0,0,0,0,0,0,0,0,0,0,0,0,0,0,NONE,,0,-1,-1,-1,-1,-1
UI-986c,UI-986c,rocky,normal,low,high,0,0,0,0,0,0,0,0,0,0,0,0,0,0,0,NONE,,0,-1,-1,-1,-1,-1
UI-986d,UI-986d,rocky,normal,low,high,0,0,0,0,0,0,0,0,0,0,0,0,0,0,0,NONE,,0,-1,-1,-1,-1,-1
UI-986e,UI-986e,rocky,normal,low,normal,0,0,0,0,0,0,0,0,0,0,0,0,0,0,0,NONE,,0,-1,-1,-1,-1,-1
UI-986f,UI-986f,gaseous,normal,low,normal,0,0,0,0,0,0,0,0,0,0,0,0,0,0,0,NONE,,0,-1,-1,-1,-1,-1
UI-986g,UI-986g,gaseous,normal,low,normal,0,0,0,0,0,0,0,0,0,0,0,0,0,0,0,NONE,,0,-1,-1,-1,-1,-1
UI-986h,UI-986h,gaseous,high,low,normal,0,0,0,0,0,0,0,0,0,0,0,0,0,0,0,NONE,,0,-1,-1,-1,-1,-1
WB-501a,WB-501a,rocky,normal,high,high,0,0,0,0,0,0,0,0,0,0,0,0,0,0,0,NONE,,0,15,9,17,9,3
WB-501b,WB-501b,rocky,normal,low,normal,6,-1,0,2,0,0,40,-13,0,1,0,0,0,0,0,ON_STRIKE,,1,15,9,17,9,3
WB-501c,WB-501c,rocky,normal,low,normal,0,0,0,0,0,0,0,0,0,0,0,0,0,0,0,NONE,,0,15,9,17,9,3
WB-501d,WB-501d,gaseous,normal,low,normal,0,0,0,0,0,0,0,0,0,0,0,0,0,0,0,NONE,,0,15,9,17,9,3
WB-675a,WB-675a,rocky,normal,high,low,0,0,0,0,0,0,0,0,0,0,0,0,0,0,0,NONE,,0,14,8,16,8,2
WB-675b,WB-675b,rocky,normal,high,high,0,0,0,0,0,0,0,0,0,0,0,0,0,0,0,NONE,,0,14,8,16,8,2
WB-675c,Sand,rocky,normal,normal,low,84020,2898,0,24644,111,0,4619,269,0,6,2,0,0,0,0,ACTIVE,FOOD_INDUSTRIES,107,14,8,16,8,2
WB-675d,WB-675d,rocky,normal,low,normal,2512,469,897,787,34,0,1,0,0,0,0,0,0,0,0,ACTIVE,MANUFACTURING,3,14,8,16,8,2
WB-675e,WB-675e,rocky,normal,low,normal,0,0,0,0,0,0,0,0,0,0,0,0,0,0,0,NONE,,0,14,8,16,8,2
WB-675f,WB-675f,gaseous,normal,low,normal,0,0,0,0,0,0,0,0,0,0,0,0,0,0,0,NONE,,0,14,8,16,8,2
WB-675g,WB-675g,gaseous,high,low,normal,0,0,0,0,0,0,0,0,0,0,0,0,0,0,0,NONE,,0,14,8,16,8,2
WB-675h,WB-675h,gaseous,high,low,normal,0,0,0,0,0,0,0,0,0,0,0,0,0,0,0,NONE,,0,14,8,16,8,2
WB-675i,Gasworld,gaseous,normal,low,normal,4076,-45,0,1549,-1,0,1,0,0,1,0,0,0,0,0,ACTIVE,MANUFACTURING,11,14,8,16,8,2
WB-947a,WB-947a,rocky,normal,low,low,959,0,0,2,0,0,1,0,0,0,0,0,0,0,0,ACTIVE,RESOURCE_EXTRACTION,1,16,10,18,10,4
WB-947b,WB-947b,rocky,normal,low,high,20628,-181,0,3990,-141,0,305,-33,0,121,36,15,1,0,0,ACTIVE,,23,16,10,18,10,4
WB-947c,WB-947c,rocky,normal,low,high,0,0,0,0,0,0,0,0,0,0,0,0,0,0,0,NONE,,0,16,10,18,10,4
WB-947d,WB-947d,rocky,normal,low,high,0,0,0,0,0,0,0,0,0,0,0,0,0,0,0,NONE,,0,16,10,18,10,4
WB-947e,WB-947e,rocky,normal,low,normal,2942,0,0,2,0,0,1,0,0,0,0,0,0,0,0,ACTIVE,RESOURCE_EXTRACTION,4,16,10,18,10,4
WB-947f,WB-947f,gaseous,normal,low,normal,0,0,0,0,0,0,0,0,0,0,0,0,0,0,0,NONE,,0,16,10,18,10,4
WB-947g,WB-947g,gaseous,normal,low,normal,2,0,0,2,0,0,1,0,0,0,0,0,0,0,0,ON_STRIKE,,0,16,10,18,10,4
WB-947h,WB-947h,gaseous,high,low,normal,14460,-240,0,2,0,0,1,0,0,0,0,0,0,0,0,ACTIVE,RESOURCE_EXTRACTION,13,16,10,18,10,4
WB-947i,WB-947i,gaseous,normal,low,normal,1562,0,38,2,0,0,1,0,0,0,0,0,0,0,0,ACTIVE,RESOURCE_EXTRACTION,3,16,10,18,10,4
WB-948a,WB-948a,rocky,normal,high,normal,1532,38,1306,2,0,0,1,0,0,0,0,0,0,0,0,NONE,,1,17,11,19,11,5
WB-948b,WB-948b,rocky,normal,high,low,0,0,0,0,0,0,0,0,0,0,0,0,0,0,0,NONE,,0,17,11,19,11,5
WB-948c,WB-948c,rocky,normal,low,normal,11082,-31,0,253,-15,0,1,0,0,0,0,0,0,0,0,ACTIVE,RESOURCE_EXTRACTION,13,17,11,19,11,5
WB-948d,WB-948d,rocky,normal,low,high,0,0,0,0,0,0,0,0,0,0,0,0,0,0,0,NONE,,0,17,11,19,11,5
WB-948e,WB-948e,gaseous,normal,low,normal,0,0,0,0,0,0,0,0,0,0,0,0,0,0,0,NONE,,0,17,11,19,11,5
WB-948f,WB-948f,gaseous,normal,low,normal,0,0,0,0,0,0,0,0,0,0,0,0,0,0,0,NONE,,0,17,11,19,11,5
WO-052a,WO-052a,rocky,normal,high,normal,0,0,0,0,0,0,0,0,0,0,0,0,0,0,0,NONE,,0,-1,-1,-1,-1,-1
WO-052b,WO-052b,rocky,normal,high,high,0,0,0,0,0,0,0,0,0,0,0,0,0,0,0,NONE,,0,-1,-1,-1,-1,-1
WO-052c,WO-052c,rocky,normal,normal,normal,0,0,0,0,0,0,0,0,0,0,0,0,0,0,0,NONE,,0,-1,-1,-1,-1,-1
WO-052d,WO-052d,rocky,normal,normal,high,0,0,0,0,0,0,0,0,0,0,0,0,0,0,0,NONE,,0,-1,-1,-1,-1,-1
WO-052e,WO-052e,rocky,normal,normal,high,0,0,0,0,0,0,0,0,0,0,0,0,0,0,0,NONE,,0,-1,-1,-1,-1,-1
WO-052f,WO-052f,gaseous,normal,low,normal,0,0,0,0,0,0,0,0,0,0,0,0,0,0,0,NONE,,0,-1,-1,-1,-1,-1
WO-052g,WO-052g,gaseous,normal,low,normal,0,0,0,0,0,0,0,0,0,0,0,0,0,0,0,NONE,,0,-1,-1,-1,-1,-1
WO-052h,WO-052h,gaseous,normal,low,normal,0,0,0,0,0,0,0,0,0,0,0,0,0,0,0,NONE,,0,-1,-1,-1,-1,-1
WO-052i,WO-052i,gaseous,normal,low,normal,0,0,0,0,0,0,0,0,0,0,0,0,0,0,0,NONE,,0,-1,-1,-1,-1,-1
WO-099a,WO-099a,rocky,normal,high,low,0,0,0,0,0,0,0,0,0,0,0,0,0,0,0,NONE,,0,-1,-1,-1,-1,-1
WO-099b,WO-099b,rocky,normal,low,high,0,0,0,0,0,0,0,0,0,0,0,0,0,0,0,NONE,,0,-1,-1,-1,-1,-1
WO-099c,WO-099c,rocky,normal,low,high,0,0,0,0,0,0,0,0,0,0,0,0,0,0,0,NONE,,0,-1,-1,-1,-1,-1
WO-404a,WO-404a,rocky,normal,low,low,0,0,0,0,0,0,0,0,0,0,0,0,0,0,0,NONE,,0,-1,-1,-1,-1,-1
WO-404b,WO-404b,rocky,normal,normal,high,0,0,0,0,0,0,0,0,0,0,0,0,0,0,0,NONE,,0,-1,-1,-1,-1,-1
WO-404c,WO-404c,rocky,normal,low,high,0,0,0,0,0,0,0,0,0,0,0,0,0,0,0,NONE,,0,-1,-1,-1,-1,-1
WO-404d,WO-404d,rocky,normal,low,high,0,0,0,0,0,0,0,0,0,0,0,0,0,0,0,NONE,,0,-1,-1,-1,-1,-1
WO-404e,WO-404e,rocky,normal,low,low,0,0,0,0,0,0,0,0,0,0,0,0,0,0,0,NONE,,0,-1,-1,-1,-1,-1
WO-404f,WO-404f,gaseous,normal,low,normal,0,0,0,0,0,0,0,0,0,0,0,0,0,0,0,NONE,,0,-1,-1,-1,-1,-1
WO-452a,WO-452a,rocky,normal,high,low,0,0,0,0,0,0,0,0,0,0,0,0,0,0,0,NONE,,0,-1,-1,-1,-1,-1
WO-452b,WO-452b,rocky,normal,normal,low,0,0,0,0,0,0,0,0,0,0,0,0,0,0,0,NONE,,0,-1,-1,-1,-1,-1
WO-452c,WO-452c,rocky,normal,low,high,0,0,0,0,0,0,0,0,0,0,0,0,0,0,0,NONE,,0,-1,-1,-1,-1,-1
WO-452d,WO-452d,gaseous,normal,low,normal,0,0,0,0,0,0,0,0,0,0,0,0,0,0,0,NONE,,0,-1,-1,-1,-1,-1
WO-452e,WO-452e,gaseous,normal,low,normal,0,0,0,0,0,0,0,0,0,0,0,0,0,0,0,NONE,,0,-1,-1,-1,-1,-1
WO-452f,WO-452f,gaseous,high,low,normal,0,0,0,0,0,0,0,0,0,0,0,0,0,0,0,NONE,,0,-1,-1,-1,-1,-1
WO-452g,WO-452g,gaseous,high,low,normal,0,0,0,0,0,0,0,0,0,0,0,0,0,0,0,NONE,,0,-1,-1,-1,-1,-1
WO-452h,WO-452h,gaseous,normal,low,normal,0,0,0,0,0,0,0,0,0,0,0,0,0,0,0,NONE,,0,-1,-1,-1,-1,-1
WO-452i,WO-452i,rocky,normal,low,high,0,0,0,0,0,0,0,0,0,0,0,0,0,0,0,NONE,,0,-1,-1,-1,-1,-1
WO-491a,WO-491a,rocky,normal,normal,high,0,0,0,0,0,0,0,0,0,0,0,0,0,0,0,NONE,,0,-1,-1,-1,-1,-1
WO-491b,WO-491b,rocky,normal,high,high,0,0,0,0,0,0,0,0,0,0,0,0,0,0,0,NONE,,0,-1,-1,-1,-1,-1
WO-491c,WO-491c,rocky,normal,normal,high,0,0,0,0,0,0,0,0,0,0,0,0,0,0,0,NONE,,0,-1,-1,-1,-1,-1
WO-491d,WO-491d,rocky,normal,low,normal,0,0,0,0,0,0,0,0,0,0,0,0,0,0,0,NONE,,0,-1,-1,-1,-1,-1
WO-491e,WO-491e,gaseous,normal,low,normal,0,0,0,0,0,0,0,0,0,0,0,0,0,0,0,NONE,,0,-1,-1,-1,-1,-1
WO-491f,WO-491f,gaseous,high,low,normal,0,0,0,0,0,0,0,0,0,0,0,0,0,0,0,NONE,,0,-1,-1,-1,-1,-1
WO-491g,WO-491g,gaseous,high,low,normal,0,0,0,0,0,0,0,0,0,0,0,0,0,0,0,NONE,,0,-1,-1,-1,-1,-1
WO-491h,WO-491h,gaseous,normal,low,normal,0,0,0,0,0,0,0,0,0,0,0,0,0,0,0,NONE,,0,-1,-1,-1,-1,-1
WO-491i,WO-491i,rocky,normal,low,high,0,0,0,0,0,0,0,0,0,0,0,0,0,0,0,NONE,,0,-1,-1,-1,-1,-1
WO-617a,WO-617a,rocky,normal,high,high,0,0,0,0,0,0,0,0,0,0,0,0,0,0,0,NONE,,0,-1,-1,-1,-1,-1
WO-617b,WO-617b,rocky,normal,high,high,0,0,0,0,0,0,0,0,0,0,0,0,0,0,0,NONE,,0,-1,-1,-1,-1,-1
WO-617c,WO-617c,rocky,normal,normal,normal,0,0,0,0,0,0,0,0,0,0,0,0,0,0,0,NONE,,0,-1,-1,-1,-1,-1
WO-617d,WO-617d,gaseous,normal,low,normal,0,0,0,0,0,0,0,0,0,0,0,0,0,0,0,NONE,,0,-1,-1,-1,-1,-1
WO-617e,WO-617e,gaseous,high,low,normal,0,0,0,0,0,0,0,0,0,0,0,0,0,0,0,NONE,,0,-1,-1,-1,-1,-1
WO-617f,WO-617f,gaseous,high,low,normal,0,0,0,0,0,0,0,0,0,0,0,0,0,0,0,NONE,,0,-1,-1,-1,-1,-1
WO-740a,WO-740a,rocky,normal,low,high,0,0,0,0,0,0,0,0,0,0,0,0,0,0,0,NONE,,0,-1,-1,-1,-1,-1
WO-740b,WO-740b,rocky,normal,low,high,0,0,0,0,0,0,0,0,0,0,0,0,0,0,0,NONE,,0,-1,-1,-1,-1,-1
WO-907a,WO-907a,rocky,normal,high,high,0,0,0,0,0,0,0,0,0,0,0,0,0,0,0,NONE,,0,-1,-1,-1,-1,-1
WO-907b,WO-907b,rocky,normal,normal,normal,0,0,0,0,0,0,0,0,0,0,0,0,0,0,0,NONE,,0,-1,-1,-1,-1,-1
WO-907c,WO-907c,gaseous,normal,low,normal,0,0,0,0,0,0,0,0,0,0,0,0,0,0,0,NONE,,0,-1,-1,-1,-1,-1
WO-907d,WO-907d,gaseous,normal,low,normal,0,0,0,0,0,0,0,0,0,0,0,0,0,0,0,NONE,,0,-1,-1,-1,-1,-1
WO-907e,WO-907e,gaseous,high,low,normal,0,0,0,0,0,0,0,0,0,0,0,0,0,0,0,NONE,,0,-1,-1,-1,-1,-1
WX-031a,WX-031a,rocky,normal,low,high,4528,0,0,2,0,0,1,0,0,0,0,0,0,0,0,ACTIVE,METALLURGY,6,-1,-1,-1,-1,-1
WX-031b,WX-031b,rocky,normal,low,high,0,0,0,0,0,0,0,0,0,0,0,0,0,0,0,NONE,,0,-1,-1,-1,-1,-1
WX-031c,WX-031c,rocky,normal,low,low,0,0,0,0,0,0,0,0,0,0,0,0,0,0,0,NONE,,0,-1,-1,-1,-1,-1
WX-031d,WX-031d,rocky,normal,low,high,0,0,0,0,0,0,0,0,0,0,0,0,0,0,0,NONE,,0,-1,-1,-1,-1,-1
WX-031e,WX-031e,gaseous,normal,low,normal,0,0,0,0,0,0,0,0,0,0,0,0,0,0,0,NONE,,0,-1,-1,-1,-1,-1
WX-031f,WX-031f,gaseous,normal,low,normal,0,0,0,0,0,0,0,0,0,0,0,0,0,0,0,NONE,,0,-1,-1,-1,-1,-1
WX-150a,WX-150a,rocky,normal,high,normal,0,0,0,0,0,0,0,0,0,0,0,0,0,0,0,NONE,,0,-1,-1,-1,-1,-1
WX-150b,WX-150b,rocky,normal,high,high,0,0,0,0,0,0,0,0,0,0,0,0,0,0,0,NONE,,0,-1,-1,-1,-1,-1
WX-150c,WX-150c,rocky,normal,high,normal,0,0,0,0,0,0,0,0,0,0,0,0,0,0,0,NONE,,0,-1,-1,-1,-1,-1
WX-150d,WX-150d,rocky,normal,normal,high,0,0,0,0,0,0,0,0,0,0,0,0,0,0,0,NONE,,0,-1,-1,-1,-1,-1
WX-150e,WX-150e,rocky,normal,low,low,0,0,0,0,0,0,0,0,0,0,0,0,0,0,0,NONE,,0,-1,-1,-1,-1,-1
WX-150f,WX-150f,gaseous,normal,low,normal,0,0,0,0,0,0,0,0,0,0,0,0,0,0,0,NONE,,0,-1,-1,-1,-1,-1
WX-150g,WX-150g,gaseous,high,low,normal,0,0,0,0,0,0,0,0,0,0,0,0,0,0,0,NONE,,0,-1,-1,-1,-1,-1
WX-285a,WX-285a,rocky,normal,high,high,0,0,0,0,0,0,0,0,0,0,0,0,0,0,0,NONE,,0,-1,-1,-1,-1,-1
WX-285b,WX-285b,rocky,normal,normal,high,0,0,0,0,0,0,0,0,0,0,0,0,0,0,0,NONE,,0,-1,-1,-1,-1,-1
WX-285c,WX-285c,rocky,normal,low,high,0,0,0,0,0,0,0,0,0,0,0,0,0,0,0,NONE,,0,-1,-1,-1,-1,-1
WX-285d,WX-285d,rocky,normal,low,high,0,0,0,0,0,0,0,0,0,0,0,0,0,0,0,NONE,,0,-1,-1,-1,-1,-1
WX-285e,WX-285e,rocky,normal,low,normal,0,0,0,0,0,0,0,0,0,0,0,0,0,0,0,NONE,,0,-1,-1,-1,-1,-1
WX-285f,WX-285f,gaseous,normal,low,normal,0,0,0,0,0,0,0,0,0,0,0,0,0,0,0,NONE,,0,-1,-1,-1,-1,-1
WX-285g,WX-285g,gaseous,normal,low,normal,0,0,0,0,0,0,0,0,0,0,0,0,0,0,0,NONE,,0,-1,-1,-1,-1,-1
WX-285h,WX-285h,gaseous,normal,low,normal,0,0,0,0,0,0,0,0,0,0,0,0,0,0,0,NONE,,0,-1,-1,-1,-1,-1
WX-285i,WX-285i,rocky,normal,low,normal,0,0,0,0,0,0,0,0,0,0,0,0,0,0,0,NONE,,0,-1,-1,-1,-1,-1
WX-318a,WX-318a,rocky,normal,high,low,0,0,0,0,0,0,0,0,0,0,0,0,0,0,0,NONE,,0,-1,-1,-1,-1,-1
WX-318b,WX-318b,rocky,normal,normal,normal,0,0,0,0,0,0,0,0,0,0,0,0,0,0,0,NONE,,0,-1,-1,-1,-1,-1
WX-318c,WX-318c,rocky,normal,normal,high,0,0,0,0,0,0,0,0,0,0,0,0,0,0,0,NONE,,0,-1,-1,-1,-1,-1
WX-318d,WX-318d,rocky,normal,low,normal,0,0,0,0,0,0,0,0,0,0,0,0,0,0,0,NONE,,0,-1,-1,-1,-1,-1
WX-318e,WX-318e,gaseous,high,low,normal,0,0,0,0,0,0,0,0,0,0,0,0,0,0,0,NONE,,0,-1,-1,-1,-1,-1
WX-556a,WX-556a,rocky,normal,low,low,0,0,0,0,0,0,0,0,0,0,0,0,0,0,0,NONE,,0,-1,-1,-1,-1,-1
WX-556b,WX-556b,rocky,normal,low,high,0,0,0,0,0,0,0,0,0,0,0,0,0,0,0,NONE,,0,-1,-1,-1,-1,-1
WX-556c,WX-556c,rocky,normal,low,low,0,0,0,0,0,0,0,0,0,0,0,0,0,0,0,NONE,,0,-1,-1,-1,-1,-1
WX-556d,WX-556d,rocky,normal,low,high,0,0,0,0,0,0,0,0,0,0,0,0,0,0,0,NONE,,0,-1,-1,-1,-1,-1
WX-691a,WX-691a,rocky,normal,high,high,0,0,0,0,0,0,0,0,0,0,0,0,0,0,0,NONE,,0,-1,-1,-1,-1,-1
WX-691b,WX-691b,rocky,normal,normal,high,0,0,0,0,0,0,0,0,0,0,0,0,0,0,0,NONE,,0,-1,-1,-1,-1,-1
WX-691c,WX-691c,rocky,normal,normal,high,0,0,0,0,0,0,0,0,0,0,0,0,0,0,0,NONE,,0,-1,-1,-1,-1,-1
WX-691d,WX-691d,gaseous,normal,low,normal,0,0,0,0,0,0,0,0,0,0,0,0,0,0,0,NONE,,0,-1,-1,-1,-1,-1
WX-691e,WX-691e,gaseous,normal,low,normal,0,0,0,0,0,0,0,0,0,0,0,0,0,0,0,NONE,,0,-1,-1,-1,-1,-1
WX-691f,WX-691f,gaseous,high,low,normal,0,0,0,0,0,0,0,0,0,0,0,0,0,0,0,NONE,,0,-1,-1,-1,-1,-1
WX-691g,WX-691g,gaseous,normal,low,normal,0,0,0,0,0,0,0,0,0,0,0,0,0,0,0,NONE,,0,-1,-1,-1,-1,-1
WX-827a,WX-827a,rocky,normal,high,low,0,0,0,0,0,0,0,0,0,0,0,0,0,0,0,NONE,,0,-1,-1,-1,-1,-1
WX-827b,WX-827b,rocky,normal,high,low,0,0,0,0,0,0,0,0,0,0,0,0,0,0,0,NONE,,0,-1,-1,-1,-1,-1
WX-827c,WX-827c,rocky,normal,high,normal,0,0,0,0,0,0,0,0,0,0,0,0,0,0,0,NONE,,0,-1,-1,-1,-1,-1
WX-827d,WX-827d,rocky,normal,normal,high,0,0,0,0,0,0,0,0,0,0,0,0,0,0,0,NONE,,0,-1,-1,-1,-1,-1
WX-827e,WX-827e,gaseous,normal,normal,normal,0,0,0,0,0,0,0,0,0,0,0,0,0,0,0,NONE,,0,-1,-1,-1,-1,-1
WX-827f,WX-827f,gaseous,normal,low,normal,0,0,0,0,0,0,0,0,0,0,0,0,0,0,0,NONE,,0,-1,-1,-1,-1,-1
WX-827g,WX-827g,gaseous,normal,low,normal,0,0,0,0,0,0,0,0,0,0,0,0,0,0,0,NONE,,0,-1,-1,-1,-1,-1
WX-827h,WX-827h,gaseous,normal,low,normal,0,0,0,0,0,0,0,0,0,0,0,0,0,0,0,NONE,,0,-1,-1,-1,-1,-1
WX-827i,WX-827i,rocky,normal,low,normal,0,0,0,0,0,0,0,0,0,0,0,0,0,0,0,NONE,,0,-1,-1,-1,-1,-1
WX-918a,WX-918a,rocky,normal,high,low,541,120,629,20,6,0,0,0,0,0,0,0,0,0,0,NONE,,1,-1,-1,-1,-1,-1
WX-918b,WX-918b,rocky,normal,high,low,0,0,0,0,0,0,0,0,0,0,0,0,0,0,0,NONE,,0,-1,-1,-1,-1,-1
WX-918c,WX-918c,rocky,normal,high,low,0,0,0,0,0,0,0,0,0,0,0,0,0,0,0,NONE,,0,-1,-1,-1,-1,-1
WX-918d,WX-918d,rocky,normal,normal,high,0,0,0,0,0,0,0,0,0,0,0,0,0,0,0,NONE,,0,-1,-1,-1,-1,-1
WX-918e,WX-918e,rocky,normal,low,high,0,0,0,0,0,0,0,0,0,0,0,0,0,0,0,NONE,,0,-1,-1,-1,-1,-1
WX-918f,WX-918f,rocky,normal,low,high,0,0,0,0,0,0,0,0,0,0,0,0,0,0,0,NONE,,0,-1,-1,-1,-1,-1
WX-918g,WX-918g,gaseous,high,low,normal,0,0,0,0,0,0,0,0,0,0,0,0,0,0,0,NONE,,0,-1,-1,-1,-1,-1
WX-918h,WX-918h,gaseous,high,low,normal,0,0,0,0,0,0,0,0,0,0,0,0,0,0,0,NONE,,0,-1,-1,-1,-1,-1
WX-918i,WX-918i,gaseous,normal,low,normal,0,0,0,0,0,0,0,0,0,0,0,0,0,0,0,NONE,,0,-1,-1,-1,-1,-1
WX-918j,WX-918j,rocky,normal,low,high,0,0,0,0,0,0,0,0,0,0,0,0,0,0,0,NONE,,0,-1,-1,-1,-1,-1
XD-055a,XD-055a,rocky,low,normal,low,134,-10,0,967,-123,0,1,0,0,0,0,0,0,0,0,ACTIVE,,2,17,11,19,9,5
XD-055b,XD-055b,rocky,normal,high,low,0,0,0,0,0,0,0,0,0,0,0,0,0,0,0,NONE,,0,17,11,19,9,5
XD-055c,XD-055c,rocky,normal,low,high,0,0,0,0,0,0,0,0,0,0,0,0,0,0,0,NONE,,0,17,11,19,9,5
XD-055d,XD-055d,rocky,normal,low,high,0,0,0,2,0,0,0,0,0,0,0,0,0,0,0,NONE,,0,17,11,19,9,5
XD-055e,XD-055e,gaseous,normal,low,normal,142,-12,0,925,-113,0,1,0,0,0,0,0,0,0,0,ACTIVE,,1,17,11,19,9,5
XD-055f,XD-055f,gaseous,high,low,normal,387,-35,0,1365,-287,0,1,0,0,0,0,0,0,0,0,ACTIVE,CHEMISTRY,1,17,11,19,9,5
XD-492a,XD-492a,rocky,normal,normal,high,0,0,0,0,0,0,0,0,0,0,0,0,0,0,0,NONE,,0,16,10,18,8,4
XD-492b,XD-492b,rocky,normal,low,high,0,0,0,2,0,0,0,0,0,0,0,0,0,0,0,NONE,,0,16,10,18,8,4
XD-492c,XD-492c,rocky,normal,low,high,0,0,0,0,0,0,0,0,0,0,0,0,0,0,0,NONE,,0,16,10,18,8,4
XD-492d,XD-492d,rocky,normal,low,high,0,0,0,0,0,0,0,0,0,0,0,0,0,0,0,NONE,,0,16,10,18,8,4
XD-492e,XD-492e,gaseous,normal,low,normal,257,0,0,2,0,0,1,0,0,0,0,0,0,0,0,ON_STRIKE,,1,16,10,18,8,4
XD-492f,XD-492f,gaseous,high,low,normal,1143,0,0,1,0,0,1,0,0,0,0,0,0,0,0,ON_STRIKE,,1,16,10,18,8,4
XG-287a,XG-287a,rocky,normal,normal,low,1115,0,0,2,0,0,1,0,0,1,0,0,0,0,0,NONE,,1,16,10,18,9,4
XG-287b,XG-287b,rocky,normal,low,high,0,0,0,0,0,0,0,0,0,0,0,0,0,0,0,NONE,,0,16,10,18,9,4
XG-287c,XG-287c,rocky,normal,low,high,0,0,0,0,0,0,0,0,0,0,0,0,0,0,0,NONE,,0,16,10,18,9,4
XG-287d,XG-287d,gaseous,normal,low,normal,0,0,0,0,0,0,0,0,0,0,0,0,0,0,0,NONE,,0,16,10,18,9,4
XG-287e,XG-287e,gaseous,normal,low,normal,0,0,0,0,0,0,0,0,0,0,0,0,0,0,0,NONE,,0,16,10,18,9,4
XG-287f,XG-287f,gaseous,normal,low,normal,0,0,0,0,0,0,0,0,0,0,0,0,0,0,0,NONE,,0,16,10,18,9,4
XG-287g,XG-287g,gaseous,high,low,normal,0,0,0,0,0,0,0,0,0,0,0,0,0,0,0,NONE,,0,16,10,18,9,4
XG-287h,XG-287h,gaseous,normal,low,normal,0,0,0,0,0,0,0,0,0,0,0,0,0,0,0,NONE,,0,16,10,18,9,4
XG-287i,XG-287i,rocky,normal,low,high,0,0,0,0,0,0,0,0,0,0,0,0,0,0,0,NONE,,0,16,10,18,9,4
XG-326a,Foundation,rocky,normal,normal,high,33820,-224,0,2322,-38,0,112,2,90,1,1,0,0,0,0,ACTIVE,RESOURCE_EXTRACTION,44,16,10,18,10,4
XG-326b,Titan,rocky,normal,normal,low,16449,-185,0,2199,128,279,107,106,79,1,0,0,0,0,0,ACTIVE,METALLURGY,17,16,10,18,10,4
XG-326c,"Nutaaq Nuuk",rocky,normal,low,normal,4957,-44,0,3003,-161,0,1,0,0,0,0,0,0,0,0,ACTIVE,,5,16,10,18,10,4
XG-326d,Frost,rocky,normal,low,normal,24272,-148,0,2127,-108,0,5,-2,0,0,0,0,0,0,0,ACTIVE,RESOURCE_EXTRACTION,25,16,10,18,10,4
XG-326e,Outpost,gaseous,normal,low,normal,97,-24,0,492,-141,0,1,0,0,0,0,0,0,0,0,ON_STRIKE,,0,16,10,18,10,4
XG-430a,XG-430a,rocky,normal,high,normal,312,-1,0,131,1,0,1,0,0,0,0,0,0,0,0,NONE,,1,15,9,17,8,3
XG-430b,XG-430b,rocky,normal,normal,normal,9559,-184,0,13669,-27,0,3619,174,215,805,32,197,23,5,2,ACTIVE,MANUFACTURING,36,15,9,17,8,3
XG-430c,XG-430c,rocky,normal,normal,normal,24623,339,776,11054,-113,0,338,8,0,1,0,0,0,0,0,ACTIVE,FOOD_INDUSTRIES,34,15,9,17,8,3
XG-430d,XG-430d,rocky,normal,low,high,0,0,0,0,0,0,0,0,0,0,0,0,0,0,0,NONE,,0,15,9,17,8,3
XG-430e,XG-430e,gaseous,normal,low,normal,0,0,0,0,0,0,0,0,0,0,0,0,0,0,0,NONE,,0,15,9,17,8,3
XG-430f,XG-430f,gaseous,normal,low,normal,0,0,0,0,0,0,0,0,0,0,0,0,0,0,0,NONE,,0,15,9,17,8,3
XG-430g,XG-430g,gaseous,normal,low,normal,0,0,0,0,0,0,0,0,0,0,0,0,0,0,0,NONE,,0,15,9,17,8,3
XG-430h,XG-430h,gaseous,normal,low,normal,0,0,0,0,0,0,0,0,0,0,0,0,0,0,0,NONE,,0,15,9,17,8,3
XG-430i,XG-430i,gaseous,normal,low,normal,0,0,0,0,0,0,0,0,0,0,0,0,0,0,0,NONE,,0,15,9,17,8,3
XG-430j,XG-430j,rocky,normal,low,high,0,0,0,2,0,0,1,0,0,0,0,0,0,0,0,NONE,,0,15,9,17,8,3
XG-452a,XG-452a,rocky,normal,high,high,1005,-10,25,223,2,0,1,0,0,1,0,0,0,0,0,ON_STRIKE,,2,16,10,18,9,4
XG-452b,Bathys,rocky,normal,high,high,30076,-35,0,171,1,0,1,0,0,0,0,0,0,0,0,ACTIVE,RESOURCE_EXTRACTION,25,16,10,18,9,4
XG-452c,XG-452c,rocky,normal,high,high,0,0,0,0,0,0,0,0,0,0,0,0,0,0,0,NONE,,0,16,10,18,9,4
XG-452d,XG-452d,gaseous,normal,high,normal,0,0,0,0,0,0,0,0,0,0,0,0,0,0,0,NONE,,0,16,10,18,9,4
XG-452e,XG-452e,gaseous,normal,normal,normal,0,0,0,0,0,0,0,0,0,0,0,0,0,0,0,NONE,,0,16,10,18,9,4
XG-452f,XG-452f,gaseous,normal,low,normal,7417,-48,0,440,0,0,1,0,0,1,0,0,0,0,0,ACTIVE,RESOURCE_EXTRACTION,8,16,10,18,9,4
XG-452g,XG-452g,gaseous,normal,low,normal,0,0,0,0,0,0,0,0,0,0,0,0,0,0,0,NONE,,0,16,10,18,9,4
XG-452h,XG-452h,gaseous,normal,low,normal,2,0,0,1,0,0,1,0,0,0,0,0,0,0,0,NONE,,0,16,10,18,9,4
XG-751a,XG-751a,rocky,normal,high,high,0,0,0,0,0,0,0,0,0,0,0,0,0,0,0,NONE,,0,17,11,19,10,5
XG-751b,XG-751b,rocky,normal,normal,normal,190,-52,0,938,-19,0,10604,442,0,5933,81,0,6077,-112,0,ACTIVE,ELECTRONICS,38,17,11,19,10,5
XG-751c,XG-751c,rocky,normal,low,normal,0,0,0,0,0,0,0,0,0,0,0,0,0,0,0,NONE,,0,17,11,19,10,5
XG-751d,XG-751d,gaseous,normal,low,normal,0,0,0,0,0,0,0,0,0,0,0,0,0,0,0,NONE,,0,17,11,19,10,5
XH-083a,XH-083a,rocky,normal,low,normal,2388,-25,0,641,-1,0,1,0,0,0,0,0,0,0,0,ON_STRIKE,,4,10,6,13,10,4
XH-083b,XH-083b,rocky,normal,low,high,0,0,0,0,0,0,0,0,0,0,0,0,0,0,0,NONE,,0,10,6,13,10,4
XH-083c,XH-083c,rocky,normal,low,high,7070,-5,625,450,0,0,1,0,0,1,0,0,0,0,0,ON_STRIKE,,6,10,6,13,10,4
XH-083d,XH-083d,rocky,normal,low,high,0,0,0,0,0,0,0,0,0,0,0,0,0,0,0,NONE,,0,10,6,13,10,4
XH-083e,XH-083e,gaseous,normal,low,normal,0,0,0,0,0,0,0,0,0,0,0,0,0,0,0,NONE,,0,10,6,13,10,4
XH-083f,XH-083f,gaseous,normal,low,normal,0,0,0,0,0,0,0,0,0,0,0,0,0,0,0,NONE,,0,10,6,13,10,4
XH-083g,XH-083g,gaseous,normal,low,normal,0,0,0,0,0,0,0,0,0,0,0,0,0,0,0,NONE,,0,10,6,13,10,4
XH-400a,XH-400a,rocky,normal,low,low,0,0,0,0,0,0,0,0,0,0,0,0,0,0,0,NONE,,0,8,4,11,10,4
XH-400b,XH-400b,rocky,normal,low,high,283,-1,0,87,1,0,1,0,0,0,0,0,0,0,0,NONE,,1,8,4,11,10,4
XH-400c,XH-400c,rocky,normal,low,high,10,-2,0,2,0,0,1,0,0,0,0,0,0,0,0,ON_STRIKE,,0,8,4,11,10,4
XH-400d,XH-400d,rocky,normal,low,high,0,0,0,0,0,0,0,0,0,0,0,0,0,0,0,NONE,,0,8,4,11,10,4
XH-400e,XH-400e,gaseous,normal,low,normal,0,0,0,0,0,0,0,0,0,0,0,0,0,0,0,NONE,,0,8,4,11,10,4
XH-594a,Libertas,rocky,normal,normal,normal,33349,73,0,14450,87,0,15668,71,0,3771,152,91,1,0,0,ACTIVE,CONSTRUCTION,74,9,5,12,9,3
XH-594b,Kiruna,rocky,normal,normal,normal,76212,-1857,0,24687,584,0,6801,103,0,2041,74,83,1,0,0,ACTIVE,METALLURGY,108,9,5,12,9,3
XH-594c,Cortez,rocky,normal,low,low,21254,-171,0,5773,-326,0,144,-36,0,1,0,0,0,0,0,ACTIVE,FUEL_REFINING,30,9,5,12,9,3
XH-594d,XH-594d,rocky,normal,low,high,0,0,0,0,0,0,0,0,0,0,0,0,0,0,0,NONE,,0,9,5,12,9,3
XH-594e,XH-594e,gaseous,normal,low,normal,1475,0,0,1,0,0,1,0,0,0,0,0,0,0,0,ON_STRIKE,,1,9,5,12,9,3
XH-594f,XH-594f,gaseous,high,low,normal,0,0,0,0,0,0,0,0,0,0,0,0,0,0,0,NONE,,0,9,5,12,9,3
YI-059a,YI-059a,rocky,normal,high,low,417,-27,0,16,0,0,1,0,0,0,0,0,0,0,0,NONE,,2,15,9,17,9,3
YI-059b,YI-059b,rocky,normal,high,high,6393,0,0,2,0,0,1,0,0,0,0,0,0,0,0,ACTIVE,RESOURCE_EXTRACTION,8,15,9,17,9,3
YI-059c,YI-059c,rocky,normal,high,high,0,0,0,0,0,0,0,0,0,0,0,0,0,0,0,NONE,,0,15,9,17,9,3
YI-059d,YI-059d,rocky,normal,high,high,0,0,0,0,0,0,0,0,0,0,0,0,0,0,0,NONE,,0,15,9,17,9,3
YI-059e,YI-059e,rocky,normal,low,high,0,0,0,0,0,0,0,0,0,0,0,0,0,0,0,NONE,,0,15,9,17,9,3
YI-059f,Kub,gaseous,normal,low,normal,1188,-13,0,2,0,0,1,0,0,0,0,0,0,0,0,NONE,,2,15,9,17,9,3
YI-280a,YI-280a,rocky,normal,high,normal,0,0,0,2,0,0,0,0,0,0,0,0,0,0,0,NONE,,0,16,10,18,10,4
YI-280b,YI-280b,rocky,normal,high,high,6160,-46,0,4259,99,0,1,0,0,0,0,0,0,0,0,ACTIVE,CHEMISTRY,11,16,10,18,10,4
YI-280c,YI-280c,rocky,normal,high,high,0,0,0,2,0,0,1,0,0,0,0,0,0,0,0,NONE,,1,16,10,18,10,4
YI-280d,YI-280d,rocky,normal,normal,high,32763,-237,0,1501,52,0,2690,-4,26,943,26,48,1,0,0,ACTIVE,METALLURGY,35,16,10,18,10,4
YI-280e,YI-280e,rocky,normal,low,high,7194,0,0,2,0,0,1,0,0,0,0,0,0,0,0,ACTIVE,RESOURCE_EXTRACTION,8,16,10,18,10,4
YI-280f,YI-280f,gaseous,normal,low,normal,0,0,0,0,0,0,0,0,0,0,0,0,0,0,0,NONE,,0,16,10,18,10,4
YI-280g,YI-280g,gaseous,normal,low,normal,0,0,0,0,0,0,0,0,0,0,0,0,0,0,0,NONE,,0,16,10,18,10,4
YI-280h,YI-280h,gaseous,high,low,normal,552,0,0,2,0,0,1,0,0,0,0,0,0,0,0,NONE,,2,16,10,18,10,4
YI-280i,YI-280i,gaseous,normal,low,normal,0,0,0,0,0,0,0,0,0,0,0,0,0,0,0,NONE,,0,16,10,18,10,4
YI-280j,Dodai,rocky,normal,low,low,15791,-96,0,816,3,0,1,0,0,0,0,0,0,0,0,ACTIVE,RESOURCE_EXTRACTION,22,16,10,18,10,4
YI-552a,YI-552a,rocky,normal,low,high,1168,-15,17,906,6,0,1,0,0,0,0,0,0,0,0,ACTIVE,CHEMISTRY,2,16,9,17,11,5
YI-552b,YI-552b,rocky,normal,low,high,1089,-12,0,242,4,0,1,0,0,0,0,0,0,0,0,ON_STRIKE,,2,16,9,17,11,5
YI-552c,Ebonreef,rocky,normal,low,normal,8586,-87,0,686,59,13,1,0,0,0,0,0,0,0,0,ACTIVE,MANUFACTURING,6,16,9,17,11,5
YI-552d,YI-552d,rocky,normal,low,high,1948,0,0,2,0,0,1,0,0,0,0,0,0,0,0,ACTIVE,MANUFACTURING,1,16,9,17,11,5
YI-715a,Chrono,rocky,normal,high,low,29054,-176,0,3350,-241,0,32,-6,0,1,0,0,0,0,0,ACTIVE,METALLURGY,30,17,11,19,11,5
YI-715b,Verdant,rocky,normal,normal,normal,283922,990,0,25079,76,0,1331,-22,0,1,0,0,1,0,0,ACTIVE,AGRICULTURE,446,17,11,19,11,5
YI-715c,"The Burn Pits",rocky,normal,low,low,32584,0,0,70,-20,0,1,0,0,0,0,0,0,0,0,ACTIVE,RESOURCE_EXTRACTION,28,17,11,19,11,5
YI-715d,YI-715d,rocky,normal,low,high,5786,-68,146,4156,-20,0,152,-2,0,1,0,0,0,0,0,ACTIVE,MANUFACTURING,13,17,11,19,11,5
YI-715e,YI-715e,gaseous,normal,low,normal,1329,0,71,2,0,0,1,0,0,0,0,0,0,0,0,ACTIVE,,3,17,11,19,11,5
