date,player,companyName,companyCode
2026-10-09,GreenMoosen,"Alleris Corporation",ALRS
2026-10-09,Erisea,"Ashkandia Ltd",ASHK
2026-10-09,SLKLS,"Bergbaugesellschaft Alpha",BBGA
2026-10-09,entroy,"Broken Hill Proprietary",BHP
2026-10-09,Snowfzy,"Blizzard Aerospace Fuel",BZAF
2026-10-09,Xk37,"Kodiak Industries",KI
2026-10-09,Martyas,"Limitless LLC",LLCM
2026-10-09,Bodum,MetalTies,MTT
2026-10-09,Age-Kahn,"North Star Group",NSG
2026-10-09,jervsokrates,"Phobos Solutions",PHSO
2026-10-09,Kiselkoff,"Silly Kitty Trade Collective",SKTC
2026-10-09,MapReduce,"Soletta Engineering",SLE
2026-10-09,SpmnN,SpmnN,SPAM
