dateEpoch,pioneer,settler,technician,engineer,scientist,DW,RAT,OVE,COF,PWO,EXO,PT,KOM,REP,MED,HMS,SCN,ALE,SC,FIM,HSS,PDA,GIN,VG,MEA,LC,WS,WIN,NST
1722074400,1282.9083341981,2510.4000021666,4432.3750047348,15518.50001879,44657.750038896,76.416666666667,132.83333333333,97.25,678.5,290.16666666667,263.33333333333,432.5,838,727,1353.3333333333,1470,1985,1200,1192.5,1625,2325,3173.3333333333,1441.6666666667,2393.3333333333,4253.3333333333,10205,7485,10833.333333333,1950
1722160800,1277.137500881,2504.5125021692,4420.8750047442,15493.000018775,44502.000038896,76.8,130.75,97.125,678.5,295.625,265.375,431.75,841.875,727.875,1357.5,1470,1991.25,1197.5,1192.5,1622.5,2325,3170,1428.75,2390,4235,10205,7485,10800,1950
1722247200,1279.5937508617,2523.8125022165,4364.000004774,15257.250018757,44426.250038896,76.85,131.75,98.4875,676.25,289.125,262.5,432.625,852.75,743.75,1360,1470,2011.25,1130,1192.5,1611.25,2325,3170,1271.25,2383.75,4227.5,10205,7485,10775,1950
1722333600,1304.0937508725,2544.6875023767,4465.8750049789,15106.125018721,44253.750037555,76.35,134.875,99.5375,701.75,292.75,256.5,432.375,849.75,797.5,1360,1470,2012.5,1200,1328.75,1580,2330,3158.75,1346.25,2372.5,4220,9755,7485,10750,1950
1722420000,1328.1187508702,2627.4375021644,4511.4375049844,15271.375018479,44896.500037536,76.625,141.75,97.6875,694.75,292,265.5,429.125,901.25,726.25,1360,1470,2018.75,1195,1326.25,1605,2303.75,3158.75,1350,2317.5,4306.25,9748.75,7485,10787.5,1950
1722506400,1345.7333341936,2674.4666688318,4614.7500047212,15348.666685124,45074.916704192,80.833333333333,143.33333333333,97.333333333333,685.33333333333,288.66666666667,260.66666666667,431,919.16666666667,726.5,1463.3333333333,1533.3333333333,2040,1190,1128.3333333333,1603.3333333333,2300,3160,1346.6666666667,2313.3333333333,4316.6666666667,9745,7485,10800,1950
1722592800,1318.8062508162,2580.6500021517,4622.2187544443,15271.250018427,45159.125037525,85.4625,134.625,97.3625,670,273.875,251.875,449.5,850.5,722,1507.5,1536.25,2027.5,1218.75,955,1582.5,2300,3161.25,1348.75,2302.5,4322.5,9745,7485,10775,1950
1722679200,1317.0437508322,2601.4750022106,4664.0250044307,15311.625018299,45094.250037523,84.675,133.625,97.6125,678.375,279.25,264.75,455.5,867.875,741.75,1583.75,1541.25,2018.75,1233.75,954.625,1585,2300,3105,1350,2287.5,4312.5,9745,7485,10750,1948.75
1722765600,1285.787500817,2495.4875022061,4565.2625044324,15372.500018034,45452.500037517,84.475,130.25,97.875,646.25,274.125,264.625,450.5,786,740.25,1605,1540,2020,1150,954.5,1595,2305,2950,1350,2271.25,4362.5,9745,7485,10750,1945
1722852000,1298.5062508095,2503.9875021372,4582.2937544398,15590.125018016,45738.875037517,86.8625,129.875,97.7125,656.75,271.625,260.75,445,794.125,717.125,1605,1555,2025,1143.75,954.5,1623.75,2305,2950,1343.75,2265,4400,9745,7485,10750,1945
1722938400,1296.3000008101,2533.9500021363,4575.991671104,15572.500018045,45748.250037527,84.316666666667,131.66666666667,99.666666666667,656.33333333333,271.83333333333,259.5,455.16666666667,821.66666666667,716.83333333333,1606.6666666667,1555,2023.3333333333,1143.3333333333,954.5,1625,2313.3333333333,2950,1340,2266.6666666667,4400,9748.3333333333,7485,10783.333333333,1945
1723024800,1297.1312508117,2553.4000021517,4574.6375043802,15510.125018094,45685.312537524,81.275,135.25,99.4875,653.625,272.375,262.75,469,825.25,722,1611.25,1555,1985,1141.25,954.5,1620,2323.75,2950,1337.5,2272.5,4396.25,9748.75,7478.75,10775,1945
1723111200,1341.912500846,2566.8125021383,4617.3875044622,15511.000018131,45741.25003827,79.175,141.125,98.875,709,283.875,262.5,462.125,818.375,717.5,1632.5,1597.5,2040,1121.25,954.5,1620,2330,2950,1346.25,2278.75,4395,10000,7475,10800,1945
1723197600,1345.3750008516,2579.6750021596,4780.1375044715,15475.375018135,45699.125039015,79.525,140.25,98.5,719.75,285.75,258.75,479.5,826.5,724.625,1703.75,1682.5,2046.25,1208.75,954.5,1608.75,2330,2950,1350,2280,4376.25,10250,7475,10800,1945
1723284000,1314.825000786,2538.7500020713,4873.0937542804,15486.625018135,45841.625039015,82.7125,142.75,94.7,625.75,263.75,247,446.625,782.875,695,1750,1672.5,1917.5,1255,955,1602.5,2330,2950,1350,2280,4388.75,10250,7475,10800,1945
1723370400,1326.5750007937,2572.4166687479,4916.7083377217,15562.833351468,45805.750039015,82.916666666667,145.16666666667,96.95,625,266.33333333333,276.16666666667,452.16666666667,783,698.33333333333,1796.6666666667,1665,1990,1253.3333333333,955,1610,2330,2950,1348.3333333333,2280,4380,10250,7475,10800,1945
1723456800,1339.9562507823,2601.5125020966,4974.7187544703,15913.375018571,46491.37503916,84.2125,147.5,95.3375,625.875,262.5,263.75,452.25,796.75,703.5,1862.5,1661.25,2045,1248.75,955,1650,2381.25,2950,1343.75,2375,4470,10250,7570,10800,1995
1723543200,1316.6000007764,2565.7375020981,4914.7812544703,15696.875018626,45315.125039145,83.6875,142.625,95,623.5,260.5,263,448.75,794.875,704,1832.5,1660,2045,1242.5,955,1621.25,2400,2950,1345,2375,4305,10250,7550,10800,1995
1723629600,1300.4500007894,2540.7375021093,4868.5625044629,15627.125018626,45717.875039145,83.775,137.875,94.75,627,264.875,266.375,452.5,793.625,707.75,1848.75,1657.5,2040,1222.5,955,1610,2400,2950,1345,2375,4361.25,10250,7550,10800,1995
1723716000,1308.8187508009,2554.6000021026,4844.5375048239,15926.500018641,45762.562539165,81.925,141,95.1125,631.625,268.75,265,452.25,799.25,705.5,1710,1663.75,2282.5,1232.5,954.75,1665,2400,2950,1346.25,2380,4380,10250,7576.25,10800,1995
1723802400,1321.408334138,2568.5666687787,4926.4000049072,16396.000019173,45808.083372455,84.1,142.33333333333,95.516666666667,627.83333333333,270,263.5,452.5,794.33333333333,708.66666666667,1763.3333333333,1670,2338.3333333333,1253.3333333333,954.83333333333,1720,2400,3073.3333333333,1346.6666666667,2496.6666666667,4380,10233.333333333,7585,10800,1995
1723888800,1338.4937508278,2582.6000021249,4945.0937545896,16552.500019426,45095.312539025,84.2625,144.125,95.0375,643.75,277.75,264.75,457.125,793,713,1805,1677.5,2125,1255,955,1736.25,2393.75,3146.25,1350,2551.25,4281.25,10200,7581.25,10762.5,1998.75
1723975200,1342.9875008389,2573.8500021398,4808.8437539637,16318.000019364,44716.000039022,83.6625,143.625,96.2,658.875,281.5,264.875,453.25,791.125,718,1656.25,1676.25,1705,1243.75,955,1715,2375,3145,1348.75,2550,4247.5,10200,7575,10700,2000
1724061600,1370.1437508106,2644.0875021797,4920.7812545169,16080.250019331,44665.500038724,85.2375,147.625,100.7125,667.875,272,266,447.25,829.25,731.375,1698.75,1678.75,2076.25,1256.25,955,1676.25,2363.75,3145,1347.5,2550,4245,10137.5,7425,10650,2000
1724148000,1382.1375008173,2614.6250021141,5021.218754882,16680.12501923,44969.62503783,85.7125,148.5,114.25,666.625,274.25,264.375,464,789,709.375,1800,1677.5,2321.25,1272.5,955,1760,2330,3145,1312.5,2550,4296.25,9950,6975,10600,2000
1724234400,1399.6666674996,2644.8333354518,4975.0000046094,16568.666685897,44930.25003783,86.4,153,107.83333333333,664.5,279.5,271.16666666667,465.5,784.33333333333,710.83333333333,1725,1685,2138.3333333333,1241.6666666667,955,1743.3333333333,2330,3145,1348.3333333333,2550,4295,9950,6975,10600,2000
1724320800,1408.912500833,2669.2625021171,4972.7812549062,16481.125019018,44942.375038203,86.9875,154.625,107.125,666,279.5,266,462,800.5,710.375,1687.5,1685,2337.5,1222.5,955,1735,2330,3145,1346.25,2478.75,4295,10075,6975,10600,2000
1724407200,1425.7750008415,2686.2375020925,4978.8125042208,16878.500019003,45030.750038575,89.575,157.5,104.875,657.125,282.375,262,457.125,793.375,702.125,1692.5,1700,1877.5,1225,955,1787.5,2348.75,3145,1348.75,2455,4300,10200,6975,10600,2000
1724493600,1399.8937508464,2673.8625020422,5021.5000049174,17025.250019006,45078.375038723,85.85,156,99.3875,652,284,265,462.875,807.625,685.25,1707.5,1713.75,2345,1245,955,1812.5,2355,3145,1350,2450,4302.5,10250,6975,10650,1998.75
1724580000,1405.8666675294,2704.5666686371,4983.541671589,16803.33335234,44421.833372061,85.783333333333,155.33333333333,101.33333333333,665.66666666667,289.5,262.66666666667,464.83333333333,847.66666666667,661.16666666667,1660,1711.6666666667,2348.3333333333,1236.6666666667,955,1785,2355,3145,1345,2450,4305,10250,6990,10000,1995
1724666400,1417.1250008754,2652.250001967,5038.2812549099,17173.625019006,44453.125038743,84.6875,155.875,103.5,688.75,293.75,258.875,469.75,797.25,660,1742.5,1715,2347.5,1253.75,947.5,1835,2355,3145,1335,2450,4305,10250,6990,10000,2005
1724752800,1418.0875008706,2659.725001961,5016.0000044182,17085.125019006,44535.875038743,85.65,156.375,109.5,673.625,292.125,258.25,464.75,800.125,658,1738.75,1716.25,2040,1255,925,1821.25,2355,3145,1335,2450,4305,10250,6990,10075,2005
1724839200,1414.4000008654,2648.4000019506,5009.4062539563,16872.500018992,44631.250038736,85.7375,155.125,107.125,678.625,290.375,252.875,462.25,800.5,654.5,1848.75,1721.25,1730,1230,925,1783.75,2355,3145,1330,2445,4300,10250,6980,10150,2005
1724925600,1393.6500008613,2613.1333353147,4985.1250043785,17391.166686145,44611.333372335,83.816666666667,154.66666666667,107.33333333333,656.5,289,215.16666666667,447.33333333333,801.83333333333,664.83333333333,1745,1721.6666666667,2013.3333333333,1246.6666666667,925,1861.6666666667,2520,3145,1341.6666666667,2443.3333333333,4300,10250,6950,10183.333333333,2198.3333333333
1725012000,1378.6500008699,2577.4125019126,4944.0937541146,17249.625019416,44528.625039183,83.6625,151.5,105.625,653.625,291.875,213.5,435,797.5,641.75,1780,1722.5,1836.25,1228.75,925,1838.75,2491.25,3145,1348.75,2451.25,4255,10262.5,6950,10387.5,2295
1725098400,1387.2750008512,2597.3625019286,4980.5312543623,17303.375019416,44243.625039145,85.5375,152.5,105.5,650.5,285.625,210.375,436.125,802,647.125,1752.5,1750,2002.5,1227.5,925,1846.25,2455,3150,1345,2485,4205,10250,6950,10450,2295
1725184800,1391.5625008292,2585.9875018969,4985.3437544852,17113.625019394,44081.625039145,86.7125,152,105.875,656.25,278.25,205.75,427.5,796.5,636.5,1737.5,1750,2085,1226.25,925,1818.75,2447.5,3150,1345,2485,4181.25,10250,6950,10450,2295
1725271200,1414.4500008486,2603.7500019297,5002.1250049509,17020.250019301,44090.750039145,87.5,153.375,103.25,684.75,284.75,200.75,427.5,802.375,647.5,1687.5,1752.5,2398.75,1220,923.75,1808.75,2415,3150,1345,2486.25,4185,10250,6950,10450,2295
1725357600,1418.6583341812,2612.6500019307,5037.4583386655,16816.666686063,43960.333372479,88.75,152.83333333333,102.85,688,284.5,205.5,427.5,805.83333333333,647.83333333333,1715,1746.6666666667,2658.3333333333,1213.3333333333,920,1775,2445,3150,1345,2488.3333333333,4181.6666666667,10250,6950,10316.666666667,2295
1725444000,1416.6000008415,2613.1750019304,5009.593755383,16752.37501939,45331.875039145,89.8625,151.875,100.35,686,282.375,203.125,427.5,807.75,647.75,1637.5,1750,2687.5,1217.5,925,1780,2445,3150,1273.75,2486.25,4400,10250,6950,10187.5,2295
1725530400,1412.93750083,2607.6750019249,4955.8437563889,16773.500021107,44871.500039145,89.2625,151,104.875,687.5,278.5,205.625,431.25,807.75,645.875,1428.75,1750,3362.5,1211.25,925,1782.5,3022.5,3150,1272.5,2485,4375,10250,6950,10012.5,2295
1725616800,1403.8250008158,2602.8875019196,4877.0625056922,16907.500022829,44642.500039145,85.925,151.875,104.875,690.875,273.75,209.25,434.625,811.25,644.125,1400,1750,2895,1212.5,925,1782.5,3600,3150,1338.75,2485,4343.75,10250,6950,10050,2295
1725703200,1412.3500008037,2649.0833352481,4860.5833390181,17140.333356162,44245.333372628,86.5,153.5,105.5,691.33333333333,269.66666666667,226.16666666667,441,833.5,642.5,1340,1745,2881.6666666667,1213.3333333333,933.33333333333,1818.3333333333,3600,3150,1345,2485,4288.3333333333,10300,6950,10055,2295
1725789600,1409.6375008009,2617.1375019178,4856.8437557071,17273.125022829,43988.125039406,85.8625,153.375,108.125,689.75,268.75,229.25,441,803.75,643.5,1380,1745,2880,1193.75,950,1836.25,3600,3150,1338.75,2485,4257.5,10337.5,6950,9992.5,2295
1725876000,1414.7625008244,2619.3125019148,4879.6875058115,17452.6250243,43958.250039099,86.125,153.75,110.625,689.25,276.625,227.875,439.25,804.125,642.5,1416.25,1743.75,2950,1187.5,950,1845,3958.75,3385,1337.5,2502.5,4255,10450,6087.5,9980,2295
1725962400,1420.2000008211,2610.4750018995,4881.8437558413,17140.250024475,43782.250037171,87.4625,153.5,112.75,689.75,275.5,235.75,439.375,787.125,637.375,1408.75,1742.5,2970,1183.75,950,1797.5,3997.5,3410,1336.25,2510,4236.25,10450,3500,10055,2295
1726048800,1435.5833341529,2713.7666685556,4886.7916725079,17275.500022247,43740.000037961,88.083333333333,155.83333333333,117.33333333333,692.5,275,231.83333333333,439,876.16666666667,633.83333333333,1363.3333333333,1740,2970,1191.6666666667,950,1840,3250,3410,1340,2510,4225,10433.333333333,3500,10055,2858.3333333333
1726135200,1432.4750008158,2650.7000018768,4890.7500058264,17673.8750256,43673.625038281,87.4,154.625,114.5,704.75,273.75,228,439,826.5,629.75,1358.75,1745,2960,1210,950,1866.25,4375,3410,1338.75,2510,4213.75,10400,3500,10055,3140
1726221600,1425.0750008125,2705.562501898,4879.0625058133,17554.250024471,43578.500038207,88.325,151.375,115.625,707.875,272.625,223.875,438.75,897,636.875,1362.5,1741.25,2951.25,1215,950,1845,3996.25,3410,1432.5,2510,4210,10375,3500,9980,3140
1726308000,1437.3500008129,2723.6500019208,4916.875005817,17743.000024453,43543.500038281,89.95,152.5,115.75,710.25,272.75,222.5,437,900.25,644.5,1380,1751.25,2953.75,1218.75,950,1871.25,3990,3410,1413.75,2510,4205,10400,3500,9950,3140
1726394400,1382.1875008132,2642.6750019155,4807.6562558003,17650.375024162,43534.125038281,87.3875,140.875,117,712.125,272.875,222.25,438.375,901.625,642.75,1377.5,1758.75,2942.5,1208.75,950,1870,3942.5,3310,1376.25,2510,4207.5,10400,3500,9950,3140
1726480800,1376.2833341509,2620.7500019073,4759.7083391299,17443.333357312,43544.833371614,87.25,139,118.83333333333,714,274.33333333333,222.16666666667,438.5,892.16666666667,640,1356.6666666667,1760,2940,1185,950,1843.3333333333,3893.3333333333,3285,1380,2510,4210,10400,3500,9955,3140
1726567200,1402.6750008237,2656.4125019126,4807.3437557295,17613.625024002,43826.875038281,87.6625,146.125,120.5,704,276.375,221.375,437.375,883.625,641.75,1367.5,1760,2963.75,1178.75,881.25,1866.25,3897.5,3285,1378.75,2513.75,4265,10400,3500,9842.5,3140
1726653600,1386.4625008371,2557.3500019126,4768.7812557891,17635.750024129,44162.125037951,87.5875,141.375,120.125,708.75,280.875,220.5,437.375,813.875,641.75,1371.25,1751.25,2985,1172.5,900,1868.75,3940,3285,1373.75,2513.75,4295,10400,3500,9988.75,2918.75
1726740000,1343.5500007879,2492.9250019062,4688.1750057368,17639.87502409,44650.250037841,82.825,137.25,118,702.75,264.375,225.5,437.75,795.75,639.625,1365,1747.5,2960,1165,889.875,1877.5,3940,3273.75,1370,2506.25,4325,10400,3500,10325,2845
1726826400,1351.0333341092,2494.2666685333,4705.9083390546,17786.166690744,45061.500036351,84.95,138.66666666667,118,691,260.33333333333,224,436.83333333333,781.83333333333,626.33333333333,1361.6666666667,1736.6666666667,2960,1165,879.5,1891.6666666667,3946.6666666667,3255,1398.3333333333,2505,4391.6666666667,10400,1500,10350,2845
1726912800,1331.7562507749,2482.0625017993,4693.4625057131,17856.500024207,44486.625037564,84.825,137.875,105.2875,672.625,260,222.5,436.875,780.25,603.75,1350,1745,2957.5,1161.25,876.5,1906.25,4000,3245,1365,2500,4390,10400,3500,9712.5,2658.75
1726999200,1362.4687507778,2537.4875017703,4720.9250057004,17880.625024319,44759.250037467,86.55,143.375,105.6375,675.5,261,222.125,437.5,795.875,594,1333.75,1747.5,2950,1145,875.5,1917.5,4037.5,3245,1293.75,2500,4412.5,10400,4487.5,9825,2100
1727085600,1373.2625007804,2535.0625017844,4670.9062557034,18246.875023276,45457.375039674,86.2375,141.625,113.125,705.75,261.875,225.125,437.625,803,598.75,1322.5,1742.5,2947.5,1117.5,880,1981.25,3687.5,3242.5,1292.5,2501.25,4438.75,10400,7450,10200,2100
1727172000,1370.8000007875,2554.3000017777,4646.3437556811,18302.25002316,45471.750039674,85.8625,142.75,106,701,264.25,219.125,435,822.125,596.5,1323.75,1735,2932.5,1092.5,880,1990,3646.25,3240,1297.5,2505,4441.25,10400,7450,10200,2100
1727258400,1390.0166674624,2534.0333351071,4624.0416723316,18745.833357205,48546.333373008,86.05,147.16666666667,101,706.5,267,209.66666666667,427.5,783.16666666667,595.16666666667,1313.3333333333,1733.3333333333,2921.6666666667,1045,880,2050,3891.6666666667,3236.6666666667,1276.6666666667,2500,4450,10400,7450,13216.666666667,2100
1727344800,1376.9500007574,2517.7500017677,4583.300005693,19648.875023872,49994.000039725,86.5,141.875,105.625,719.625,254.125,219.625,436.625,787.25,593.125,1293.75,1730,2920,1047.5,900.5,2177.5,3886.25,3235,1292.5,2506.25,4448.75,10376.25,7612.5,14675,2100
1727431200,1378.6250007644,2495.6000017654,4573.3625056967,20411.625023887,49794.375040133,88.925,139.25,102.875,726.375,256.5,218.875,436.875,769.125,592.375,1258.75,1740,2922.5,1050,900.5,2283.75,3883.75,3237.5,1303.75,2512.5,4447.5,10500,7665,14450,2100
1727517600,1397.9125007842,2521.5750018116,4600.7062557042,24111.000023872,50663.625031939,90.5875,141.125,109.5,727.375,263.125,217.75,437.375,772.75,607.875,1278.75,1730,2927.5,1046.25,900.5,2810,3875,3240,1293.75,2515,4450,7750,7667.5,15825,2100
1727604000,1411.3187507927,2561.1500018295,4615.7375057153,23991.750023857,51871.750029333,91.075,142.375,106.1375,742.5,266,217.125,436.375,802,613.875,1285,1730,2935,1045,900.5,2792.5,3870,3240,1290,2515,4450,6875,7670,17200,2100
1727690400,1404.7333341256,2573.2166684791,4626.341672377,22634.000023623,52055.500046097,90.95,143.83333333333,101.7,723.16666666667,265.83333333333,224.83333333333,436.5,803.16666666667,608.16666666667,1285,1733.3333333333,2931.6666666667,1045,900.5,2601.6666666667,3795,3240,1285,2511.6666666667,4446.6666666667,12500,7670,16283.333333333,2100
1727776800,1374.4125007253,2550.6250017583,4642.5187556949,21606.125023335,49310.125040624,90.5125,142,102,689.375,243.375,219,437.625,799.75,590,1290,1732.5,2921.25,1076.25,900.5,2458.75,3700,3240,1278.75,2510,4413.75,10663.75,7670,14137.5,2100
1727863200,1380.4500007361,2571.1625017431,4657.4750057021,20520.750023291,47916.250040155,90.025,144.5,102.4,683.5,247,221.625,438.5,807,584.875,1287.5,1728.75,2920,1080,906.625,2306.25,3688.75,3240,1270,2506.25,4370,10450,7670,13087.5,2212.5
1727949600,1361.4000007387,2541.3000017349,4645.0312556941,20454.000023074,47492.750040211,87.2375,142.125,104.875,683.875,247.875,217.125,434.25,810.25,582.125,1296.25,1728.75,2896.25,1101.25,925,2300,3627.5,3240,1285,2495,4360,10450,7670,12753.75,2250
1728036000,1349.6375007495,2513.0375017505,4606.7187556215,20337.625022981,47470.125040229,87.6625,137.25,103.5,695.875,251.5,215.5,435,808.5,587.375,1277.5,1725,2847.5,1110,925,2285,3596.25,3240,1285,2495,4348.75,10450,7670,12813.75,2262.5
1728122400,1352.2166674381,2503.0666683912,4602.4166723167,20251.333356281,47603.500039421,87.633333333333,135.5,104.66666666667,711.16666666667,258.83333333333,218.66666666667,436.66666666667,808.5,578.66666666667,1286.6666666667,1731.6666666667,2866.6666666667,1108.3333333333,925,2271.6666666667,3590,3236.6666666667,1290,2491.6666666667,4348.3333333333,10450,6503.3333333333,13000,2303.3333333333
1728208800,1357.6000007633,2521.2500017136,4695.3750064187,20341.125022899,47660.875039846,88,137.625,105.375,702.375,256.125,219.75,437,812.125,575,1313.75,1738.75,3118.75,1115,1188.75,2280,3578.75,3235,1307.5,2487.5,4350,10425,7170,13000,2305
1728295200,1383.1375007518,2555.212501727,4678.1250068676,22117.500021923,47699.000039808,89.75,141.75,101.375,712,252.25,220.125,437,811.5,579.5,1317.5,1736.25,3313.75,1025,1295,2540,3257.5,3227.5,1310,2485,4351.25,10412.5,7170,13012.5,2305
1728381600,1388.0500007454,2530.1375016831,4602.5000063796,20641.625021622,48467.12503992,89,143.75,103.3,710.75,250.125,218.625,436.75,782,564.75,1333.75,1625,3011.25,1021.25,1270,2332.5,3165,3225,1306.25,2477.5,4393.75,10450,7170,13475,2305
1728468000,1399.6625007473,2532.7125016451,4651.781256279,22143.875021964,46593.750039229,90.9875,144.625,102.25,711.875,250.75,202.625,436.125,780.25,552,1325,1711.25,2912.5,1017.5,1301.25,2542.5,3282.5,3225,1300,2475,4391.25,10437.5,7170,11650,1866.25
1728554400,1396.8000007391,2535.2666683495,4738.5000063131,22075.33335526,45427.833371242,89.133333333333,145.66666666667,100.83333333333,715.16666666667,248,202.83333333333,438.5,782,564.66666666667,1335,1731.6666666667,2916.6666666667,1093.3333333333,1320,2535,3270,3225,1300,2475,4325,10400,7170,11050,1055
1728640800,1420.8750007618,2518.9375016391,4732.9375063386,22196.375021935,48689.750036774,90.625,147.375,102.375,733.125,255.625,200.5,436.625,753,550,1331.25,1688.75,2908.75,1086.25,1345,2550,3268.75,3225,1302.5,2478.75,4325,10400,5650,14375,1053.75
1728727200,1407.0250007741,2500.2375016585,4682.1562561691,21618.875022076,49034.125036925,89.2375,144.75,102,736.25,259.75,212.5,434.75,750.625,556.5,1285,1711.25,2931.25,1087.5,1208.75,2470,3267.5,3300,1312.5,2490,4338.75,10387.5,4150,14650,1930
1728813600,1403.5500007767,2495.3000016101,4671.6562560499,21567.750022028,49596.250038955,89.8875,145.125,101.625,721.125,260.625,225.125,413.5,747.75,540.25,1261.25,1712.5,2915,1088.75,1145,2463.75,3232.5,3337.5,1313.75,2490,4395,10350,5275,14687.5,2805
1728900000,1386.9500007619,2446.9833349188,4701.0000060424,21951.166688564,49659.666705901,89.666666666667,144,98.466666666667,703.83333333333,255.66666666667,214,350.5,746,532,1290,1710,2905,1115,1150,2518.3333333333,3195,3325,1311.6666666667,2490,4405,10350,5650,14650,2805
1728986400,1379.4062507704,2483.7250016164,4717.4687560685,21843.375022136,49567.625040732,89.4125,143.875,98.1125,691,258.5,230.25,380.375,759.625,542.375,1277.5,1715,2927.5,1136.25,1145,2498.75,3245,3375,1333.75,2495,4391.25,10400,7450,14562.5,2810
1729072800,1397.4500007704,2502.6375015695,4697.5000060536,20774.250021957,49401.375039609,95.45,143.625,99.65,679.25,258.5,226.75,375.875,757,526.625,1235,1715,2933.75,1095,1128.75,2342.5,3207.5,3337.5,1331.25,2491.25,4388.75,10362.5,6100,14450,2806.25
1729159200,1406.4062507447,2522.937501559,4712.9375062231,20433.00002189,50745.750039384,98.525,142.875,102.0375,679.625,249.875,226,382.375,764.25,523.125,1235,1707.5,3045,1085,1131.25,2290,3195,3325,1331.25,2487.5,4575,10400,5650,14475,2805
1729245600,1432.5000007316,2570.2666682452,4760.7083395993,20415.166688534,50827.166707166,106.85,141.5,105,675,245.5,228.83333333333,400,766.66666666667,529.66666666667,1231.6666666667,1701.6666666667,3155,1081.6666666667,1050,2275,3198.3333333333,3321.6666666667,1338.3333333333,2478.3333333333,4575,10400,7150,14400,2803.3333333333
1729332000,1468.6375007749,2583.6375016086,4776.6875064131,20434.500022449,49258.500040501,107.425,143.125,106.75,722.125,260,233.375,398.75,763.75,539.75,1222.5,1705,3095,1075,1208.75,2272.5,3200,3315,1335,2675,4565,10400,7150,12900,2805
1729418400,1406.9500007458,2654.5750016179,4827.1562563125,20485.375022426,48705.875040501,110.5375,146,106.625,554.875,250.25,232.125,434.5,784,542.875,1255,1700,3082.5,1075,1153.75,2270,3200,3300,1357.5,2675,4540,10400,7150,12475,2805
1729504800,1422.1000007458,2574.0375015903,4774.3937563617,21509.125022426,47474.625040501,104.1625,142.5,103.425,667.375,250.25,225.25,435.75,761,533.625,1235,1742.5,3153.75,1080,1115.5,2422.5,3200,3300,1387.5,2675,4505,10400,7150,11562.5,2805
1729591200,1453.0812507048,2580.3500015698,4715.6125062983,22076.000022423,47131.750040203,106.875,142.5,105.0625,711.5,236.5,228.375,415.875,763.5,526.75,1260,1695,3143.75,1016.375,1083,2497.5,3200,3297.5,1390,2675,4505,10300,7150,11200,2805
1729677600,1440.6333340372,2568.633334895,4748.5000061517,21815.83335576,46970.500039309,105.66666666667,142.83333333333,104.13333333333,694.66666666667,236.16666666667,226.16666666667,402.5,764.16666666667,524,1205,1675,3031.6666666667,1103.3333333333,1096.6666666667,2466.6666666667,3203.3333333333,3293.3333333333,1385,2675,4503.3333333333,10000,7150,11150,2805
1729764000,1448.5562507186,2549.1000015847,4686.3625060339,20481.875022445,47048.125038743,104.875,142.125,105.0375,719.625,241.125,223.25,401.75,753.125,531.75,1203.75,1697.5,3011.25,1049.375,1038,2281.25,3210,3290,1356.25,2676.25,4505,10000,6397.5,11262.5,2801.25
1729850400,1428.2375007216,2521.0750015676,4628.775005864,19838.375022449,46411.875038333,104.5,137.625,105.25,717.375,242.125,223.5,399.25,756.25,526,1193.75,1695,2900,1043.75,1035.25,2195,3210,3290,1325,2677.5,4417.5,10000,5850,11275,2800
1729936800,1437.350000754,2508.037501527,4625.0875056647,19265.812522456,46358.687538331,107.5,135.875,104.5,722,253,210.375,391.5,751.875,512.375,1152.625,1692.5,2767.5,1065,1034,2112.5,3210,3290,1320,2680,4405,10000,5847.5,11300,2800
1730026800,1430.2125007156,2498.9000015613,4496.6750056557,19063.437522262,46138.312538335,105.125,135.25,104.125,737.25,240.125,215.75,393.5,752.375,523.875,1028.875,1707.5,2762.5,1013.75,1033,2095,3201.25,3290,1338.75,2623.75,4400,10005,5827.5,11200,2802.5
1730113200,1436.4000007535,2510.2500015621,4471.4666722926,19885.166688909,46125.416704981,106.5,134.33333333333,103.5,741.5,252.83333333333,219,390.16666666667,762.33333333333,524.16666666667,998.33333333333,1710,2745,1000.6666666667,1030.5,2213.3333333333,3198.3333333333,3296.6666666667,1335,2616.6666666667,4403.3333333333,10005,5805,11166.666666667,2800
1730199600,1428.6250007469,2506.9875015579,4487.9875056148,20682.125024069,46028.750038305,107.125,133.25,94.875,739.125,250.625,216.75,396.875,760.5,522.75,978.75,1731.25,2737.5,1020,1030.5,2308.75,3847.5,3197.5,1345,2630,4392.5,10005,5792.5,11150,2800
1730286000,1408.7375007235,2482.9125015773,4426.6687555462,21121.250022072,45677.500038296,103.5625,131.875,99.25,737.625,242.75,215,402.25,759.375,529.25,978.75,1732.5,2691.25,999,1030.75,2395,3178.75,3195,1350,2630,4347.5,10005,5780,11150,2800
1730372400,1404.0875007283,2480.100001609,4421.543755563,21108.875022046,45433.125037178,101.3625,133,96.025,739.5,244.375,215.25,408.125,755.625,539.875,1004,1730,2693.75,990,1039.5,2396.25,3170,3195,1340,2630,4355,9630,5780,10937.5,2800
1730458800,1408.8416673844,2488.8500016108,4404.0500053751,20525.58335538,46413.250036788,102.83333333333,133,92.016666666667,742.66666666667,240.83333333333,216.33333333333,407.5,756.66666666667,540.5,975.5,1730,2558.3333333333,988.33333333333,1048.8333333333,2313.3333333333,3170,3195,1336.6666666667,2630,4485,9501.6666666667,5776.6666666667,11033.333333333,2796.6666666667
1730545200,1401.7250007205,2454.1375016104,4407.3312555179,20806.812521929,47195.62503752,102.0625,132.25,93.75,738.5,241.75,208.625,389.875,743,540.375,971.625,1730,2657.5,995,1045.5,2356.25,3147.5,3193.75,1335,2613.75,4588.75,9750,5768.75,11050,2795
1730631600,1424.2250007093,2502.1750016101,4450.1750054453,21375.375022236,47425.125038251,108.25,131.75,92.375,740.875,238,204,404.5,758.125,540.25,981.25,1725,2598.75,997.5,1055.5,2425,3136.25,3390,1335,2630,4605,10000,5750,11050,2795
1730718000,1417.343750675,2484.4375016131,4477.3000054285,21286.375022233,47381.375036761,108,130.875,91.8375,741.25,226.5,209,402.125,745.375,541.25,1073.75,1702.5,2588.75,998.75,1054.25,2406.25,3135,3390,1333.75,2630,4605,9500,5750,11062.5,2795
1730804400,1426.4000006676,2508.6250016186,4431.2687552944,19855.375022179,47061.500037134,109.2625,132,90.85,742.25,224,228.125,396.75,749.25,543.125,996.25,1688.75,2501.25,990,1051.75,2206.25,3116.25,3388.75,1332.5,2631.25,4561.25,9625,5750,11050,2795
1730890800,1412.7083339915,2503.5333349556,4447.133339302,19496.666688646,47185.333372578,106.16666666667,131.83333333333,91.083333333333,742,220.83333333333,228.33333333333,398,759.66666666667,544.33333333333,996.66666666667,1680,2950,989.16666666667,1055.5,2161.6666666667,3055,3380,1330,2630,4575,10333.333333333,5750,10966.666666667,2795
1730977200,1433.787500659,2528.887501616,4464.5125055742,19614.000021804,47130.250037506,109.125,134.375,91.875,739.25,221.125,229.5,397.875,754.875,542.25,991.5,1673.75,2611.25,998.75,1129.5,2176.25,2997.5,3377.5,1330,2630,4578.75,9750,5750,10975,2795
1731063600,1464.1375006836,2581.1500016898,4571.5625057817,19652.25002178,47082.562535345,112.625,138.125,93.9,736.625,229.375,232.75,408.75,755.125,567,1016.25,1690,2698.75,1018.875,1181.25,2175,2995,3373.75,1331.25,2626.25,4578.75,9000,5748.75,11025,2845
1731150000,1478.8875006728,2595.7375016902,4565.3750054929,20345.500021745,47206.625039922,112.75,141.25,97.475,738,225.75,227.625,395.5,759.5,567.125,990,1718.75,2598.75,1008,1087.5,2276.25,2995,3367.5,1330,2617.5,4565,10537.5,5742.5,10950,2845
1731236400,1459.775000678,2584.0750017334,4600.0000055097,20827.62502156,46905.125039013,109,140.125,97.425,738.125,227.5,226.25,409.5,764.125,581.625,986.5,1791.25,2587.5,1043,1110,2352.5,2987.5,3361.25,1330,2566.25,4536.25,10265,5740,10950,2781.25
1731322800,1442.4916673447,2570.3166684533,4658.4166720174,20754.166688169,46760.833370556,111,133.83333333333,95.316666666667,740,227.5,224.5,432,764.16666666667,599.5,985.66666666667,1948.3333333333,2473.3333333333,1063,1117.5,2340,2985,3360,1328.3333333333,2550,4530,9755,5740,10950,2600
1731409200,1439.187500678,2614.9625017866,4739.5625058394,20109.125021499,46328.875037309,110.125,134.375,96,735.375,227.5,232,498.625,772.875,599.5,1002.75,2047.5,2503.75,1056,1415,2250,2981.25,3365,1313.75,2550,4467.5,9755,5740,10950,2657.5
1731495600,1431.7875006739,2574.9500017613,4622.4375052955,19688.375020931,45853.125037542,109.625,133.375,94.625,734.5,226.125,231.25,435,775.25,591,955,1927.5,2287.5,1070,1266.25,2200,2970,3003.75,1310,2551.25,4405,9753.75,5720,10925,2826.25
1731582000,1457.6875007059,2584.6250017323,4706.0125055099,19693.750020899,45697.250037529,110.25,138.75,94.5,734.125,236.875,229.375,396.625,771.625,581.25,957.5,1928.75,2580,1095,1117.625,2200,2960,3000,1310,2552.5,4405,9755,5700,10762.5,2825
1731668400,1448.11666737,2583.2500017434,4728.1333393306,19700.500020857,45836.000037479,110.33333333333,136.16666666667,94.833333333333,735,236,229.33333333333,436.83333333333,764.5,585,965,1931.6666666667,2905,1096.6666666667,1119.6666666667,2200,2945,3000,1315,2553.3333333333,4455,9738.3333333333,5700,10550,2825
1731754800,1446.3062506709,2562.3125017863,4722.6125060171,19689.500020836,46492.25003738,110.375,136,94.6875,736.875,225.125,234.875,423.75,745.25,599.375,965,1927.5,2917.5,1092.75,1120.5,2200,2935,2992.5,1305,2560,4555,9705,5700,10512.5,2825
1731841200,1454.7750006765,2592.8500017971,4716.5500059295,19413.925016273,47195.375037231,112.25,136.875,91.875,733.875,227,235.25,436.75,753.75,603,973.75,1897.5,2871.25,1083,1108,2201.25,1416.5,2975,1303.75,2556.25,4675,9655,5700,10362.5,2825
1731927600,1446.2687506888,2601.1875018086,4646.612505462,19437.050016254,46474.750036784,111.375,135.375,91.4625,734.625,231.125,235.875,445,770.25,606.875,985,1858.75,2555,1075.25,1110.5,2205,1416.5,2965,1305,2555,4600,9505,5700,10200,2825
1732014000,1445.6583340257,2586.550001815,4627.7166720008,19520.466683773,45587.833369995,111.83333333333,134.66666666667,91.383333333333,735,232.33333333333,220,449.83333333333,762.66666666667,609,1028.3333333333,1808.3333333333,2466.6666666667,1070,1113,2203.3333333333,1704.8333333333,2960,1316.6666666667,2555,4568.3333333333,9503.3333333333,5700,9516.6666666667,2746.6666666667
1732100400,1440.8312506773,2576.2125018388,4628.4125056956,19867.425017228,45318.187536648,111.375,133.875,95.8875,732.875,227.25,212.25,449.625,761.75,617,1045,1785,2708.75,1058.75,1113.5,2250,1752.75,2958.75,1325,2548.75,4530,9500,5698.75,9512.5,2745
1732186800,1447.6937506698,2592.0000018626,4599.2000055639,20222.925017152,44892.500036983,112.375,134.625,94.4875,735,224.75,213.75,461.25,759.875,625,1046.25,1725,2615,1055,1118.875,2300,1736.5,2947.5,1325,2545,4466.25,9500,6437.5,9500,2600
1732273200,1446.9625006728,2595.5500018634,4645.7250055587,20812.550017044,45079.000036865,112.125,135.25,93.75,730.875,225.75,222.125,449.875,762.375,625.25,1037.5,1785,2598.75,1073.75,1131.625,2386.25,1696.5,2940,1325,2552.5,4495,9275,7180,9500,2600
1732359600,1451.1812506754,2591.5125018656,4699.4875054806,20890.050016858,44166.625035098,112.375,136,92.7125,732,226.625,231.375,424,760.75,626,1020,1823.75,2548.75,1115,1129.25,2400,1631.5,2940,1325,2555,4382.5,8687.5,7162.5,9500,2597.5
1732446000,1460.6916673392,2593.4500018656,4753.7166720989,20488.466683445,44137.41670285,112,138.33333333333,90.95,737.5,225.66666666667,217,422.16666666667,758.66666666667,626,1028.3333333333,1906.6666666667,2520,1113.3333333333,1125.5,2343.3333333333,1604.8333333333,2940,1325,2555,4375,9050,7175,9450,2595
1732532400,1466.4875006739,2600.0750018656,4681.3000052366,20690.925016582,43798.750036629,114.75,137.75,88.65,733.875,226.125,212.625,418.375,759.125,626,1048.75,1813.75,2388.75,1073.75,1125.5,2368.75,1580.25,2940,1325,2513.75,4316.25,9200,7172.5,9455,2595
1732618800,1472.7500006665,2607.087501863,4765.6125049908,20364.050016349,43357.125035431,116.125,137.375,91.55,736.5,223.625,209.875,422.5,761,625.125,1048.75,1795,2223.75,1176.25,1125.5,2322.5,1516.5,2938.75,1323.75,2500,4291.25,8798.75,7170,9255,2595
1732705200,1469.1500006467,2596.7625018656,4606.3500049002,20021.550016209,43226.312535391,113.75,138.25,91.625,743.875,217,209.25,422.875,757.25,626,1022.5,1692.5,2162.5,1099.125,1126,2280,1475.25,2935,1325,2496.25,4292.5,8786.25,7166.25,9155,2595
1732791600,1486.9937506545,2591.0125018656,4614.1000052281,19832.050016142,43162.750035245,115,138.25,93.0125,767.125,219.625,202.375,423,748.625,626,1047.5,1690,2382.5,1064.25,1126,2250,1454,2935,1325,2495,4293.75,8756.25,7157.5,9067.5,2561.25
1732878000,1536.0000006755,2580.650001881,4620.1833386148,19883.133348539,42665.333364194,115.5,137.33333333333,93,865.66666666667,226.66666666667,198.33333333333,423.5,742,631.16666666667,1055.3333333333,1690,2418.3333333333,1065.5,1126,2265,1419.8333333333,2935,1325,2215,4286.6666666667,7295,7146.6666666667,8905,2546.6666666667
1732964400,1522.1750006981,2581.362501936,4612.7250053342,18813.800014582,42843.250030685,114.25,135.75,93.525,857.125,234.25,218.5,425.125,743.875,649.625,1055.5,1708.75,2453.75,1065.5,1126,2120,1351.5,2932.5,1325,2075,4333.75,7240,7135,8777.5,2545
1733050800,1537.7125006765,2647.9000019841,4684.0625052806,19189.3625145,42895.6875335,116,136,94.375,874.25,227,286.75,443,753.875,665.75,1065.125,1772.5,2368.75,1088.875,1175,2171.25,1327.75,2925,1325,2075,4366.25,8205,7120,8391.25,2511.25
1733137200,1565.2812506791,2656.9750019889,4746.6875054017,19844.150015615,43093.125034152,116.375,137.375,94.7875,914.625,227.875,277.75,445.5,755.75,667.375,1070,1818.75,2446.25,1105.375,1178.75,2252.5,1583.25,3042.5,1330,2135,4305,8431.25,7115,8967.5,2498.75
1733223600,1537.4333340128,2662.3833352923,4791.7500057692,20103.333350408,42945.083366477,117.5,137.66666666667,96,846.33333333333,228,286.16666666667,440.66666666667,754,657.33333333333,1078.3333333333,1830,2691.6666666667,1105.5,1180,2273.3333333333,1861.6666666667,3145,1330,2295,4305,8100,7095,8871.6666666667,2495
1733310000,1551.1625006691,2663.2375020385,4761.0625056922,19492.50001777,42594.937533117,117.625,135.375,96.525,892,224.5,289.5,444.125,759.25,684,1067.5,1820,2640,1105.5,1180,2180,1945,3145,1330,2445,4273.75,8093.75,7083.75,8746.25,2495
1733396400,1536.7187506441,2659.9250020552,4748.5000057202,19695.00001777,42695.125032971,117.5,134.75,96.8625,872.125,216.125,276.375,457.375,759.125,689.625,1055,1785,2662.5,1120.125,1176.25,2210,1945,3145,1330,2445,4315,8062.5,7050,8575,2476.25
1733482800,1548.3562506661,2654.4000020586,4780.0625056606,20343.250017799,43470.000032913,115.625,135.25,96.4375,903.875,223.5,270.5,459,761.875,690.75,1125,1782.5,2623.75,1132.5,1175,2300,1945,3145,1330,2455,4427.5,8050,7050,8550,2462.5
1733569200,1536.5666673705,2641.0833354592,4779.2500056028,19995.666684459,42948.4166995,116.16666666667,135.16666666667,97.166666666667,870.83333333333,236.16666666667,238.16666666667,453.33333333333,760.83333333333,713.33333333333,1120,1781.6666666667,2581.6666666667,1135,1178.3333333333,2250,1945,3140,1330,2455,4386.6666666667,8033.3333333333,7025,8316.6666666667,2455
1733655600,1545.7875006944,2670.3125021216,4785.2500055991,19612.375017591,42219.87503197,114.5,138.5,98,876.375,233,221.5,471.125,778.125,711.875,1113.75,1778.75,2577.5,1135,1180,2200,1942.5,3010,1330,2455,4305,7750,7000,8237.5,2455
1733742000,1548.9250006732,2664.437502116,4821.0625055972,20674.875017386,42619.625033289,115.875,139.75,97.5,865,225.875,220,471.375,758.875,710,1138.75,1782.5,2580,1137.5,1176.25,2350,1935,2877.5,1330,2460,4301.25,8202.5,6975,8548.75,2447.5
1733828400,1516.0000006929,2623.0000018384,4830.4375056289,20645.875017373,42806.125034085,116.125,141.5,103,775,232.5,231.5,458.5,725,616.875,1147.5,1765,2596.25,1135,1181.25,2345,1935,2868.75,1330,2460,4300,8481.25,6975,8683.75,2423.75
1733914800,1511.1125006918,2616.1000018138,4857.5000056196,19956.625017449,42842.562534357,116,141.125,104.375,768,232.125,227,459.75,724.25,608.625,1143.75,1818.75,2595,1141.25,1176.25,2247.5,1966.25,2862.5,1321.25,2457.5,4301.25,8610,6943.75,8696.25,2365
1734001200,1484.0750006949,2601.6000017896,4844.5000056302,19898.166684384,42765.750034172,115,138.33333333333,101.71666666667,746.5,233.16666666667,244.83333333333,461.5,723.33333333333,600.5,1148.3333333333,1846.6666666667,2605,1138.3333333333,1173.3333333333,2241.6666666667,2060,2860,1293.3333333333,2455,4288.3333333333,8610,6925,8730,2250
1734087600,1481.9125007004,2630.6125018392,4813.5000056587,19852.000017725,42664.00003368,115,140.625,97.575,727.25,235,244.25,462.125,735.25,617.125,1145,1758.75,2617.5,1135,1180,2235,2060,2862.5,1295,2456.25,4280,8512.5,6925,8721.25,2115
1734174000,1492.8000006527,2677.9625020605,4882.5625058115,19929.625017503,42648.000033405,115.375,143,102.25,728.75,219,246.875,462.5,750.125,691.375,1147.5,1825,2656.25,1140,1243.75,2247.5,1988.75,2858.75,1295,2455,4280,8452.5,6925,8718.75,2050
1734260400,1487.4312506814,2665.2750020605,4839.8125059828,19651.500016861,42551.750032753,113.375,144,101.2875,723.125,228.625,244.875,447.625,749.875,691.375,1112.5,1747.5,2717.5,1150,1297.5,2220,1792.5,2820,1290,2455,4280,8265,6900,8703.75,2000
1734346800,1485.525000684,2669.175002085,4829.0625059381,19461.375016952,42803.875030363,113.875,143.25,98.75,723.5,229.5,243.625,455.875,750.625,699.625,1112.5,1740,2690,1147.5,1295,2191.25,1822.5,2813.75,1290,2458.75,4340,8265,3847.5,8691.25,1922.5
1734433200,1493.7916673675,2669.1333354364,4918.6666725725,19336.666682586,43268.500031742,114.33333333333,142.83333333333,102.01666666667,734.16666666667,235.16666666667,246.5,430.16666666667,761,705.66666666667,1136.6666666667,1756.6666666667,2668.3333333333,1218.3333333333,1295,2181.6666666667,1926.6666666667,2810,1285,2010,4395,8265,5843.3333333333,8661.6666666667,1850
1734519600,1482.8125006948,2638.3375020735,4939.3750059009,19730.250015128,43354.000032879,115,138.25,103.125,743.25,233.125,249.25,436.375,751.875,695.75,1127.5,1778.75,2665,1260,1295,2243.75,1885,2822.5,1295,1780,4398.75,8261.25,7340,8642.5,1872.5
1734606000,1495.3625006992,2740.3500022311,4936.4375058543,19717.125015073,43337.875032946,116.375,139.75,101.625,746.25,234.625,248.75,584.75,753.5,748.625,1116.25,1806.25,2665,1231.25,1263.75,2241.25,1860,2835,1295,1780,4402.5,8250,7340,8587.5,1940
1734692400,1484.5687507086,2713.5125021171,4849.0000058357,20604.37501628,43534.12503276,115.75,138.375,102.2875,738.75,237.75,245,564.875,757.5,710.375,1108.75,1822.5,2661.25,1155,1255,2357.5,1862.5,2840,1297.5,2180,4472.5,8187.5,7340,8316.25,1940
1734778800,1477.0166673685,2681.7666687816,4848.8333391274,21532.166684146,43418.416698618,115,138.33333333333,94.333333333333,738.83333333333,235.5,244.66666666667,523.33333333333,750.83333333333,709.66666666667,1098.3333333333,1830,2638.3333333333,1165,1250,2480,1865,2840,1300,2580,4478.3333333333,7938.3333333333,7331.6666666667,8226.6666666667,1900
1734865200,1493.3500006732,2693.2125021145,4823.0000057966,20759.000017382,43381.750031617,115.75,142,95.1,739.25,225.875,232.875,502.25,753,709.5,1090,1723.75,2625,1165,1265,2370,1865,2775,1300,2580,4481.25,7830,7325,8188.75,1895
1734951600,1517.8250006702,2775.6625021566,4740.8750058245,21765.750017334,42988.375030821,116.75,145.625,97.45,749.25,224.875,253.875,587,753,723.625,1060,1510,2628.75,1170,1280,2515,1848.75,2775,1300,2580,4477.5,7563.75,7322.5,7880,1895
1735038000,1511.0125006624,2693.5375021659,4741.8125058264,21855.125015806,43745.875030719,116.625,145.25,98.25,739.875,222.25,243.5,474.875,734.375,726.75,1043.75,1485,2630,1195,1280,2543.75,1865,2775,1300,2051.25,4601.25,7750,6430,7787.5,1900
1735124400,1523.9437506892,2768.8375021666,4854.7500058226,21483.625015281,43630.000030054,115.5,149.5,98.7625,736.625,231.25,256.625,575,733.125,727,1043.75,1568.75,2627.5,1245,1280,2497.5,1865,2775,1298.75,1875,4598.75,7750,5537.5,7745,1900
1735210800,1524.5666673958,2756.7833355665,4861.0833391746,21340.500015281,43522.083362074,116.16666666667,147.66666666667,99.433333333333,741.16666666667,244.66666666667,254.83333333333,558.33333333333,733.5,749.33333333333,1043.3333333333,1568.3333333333,2625,1258.3333333333,1295,2476.6666666667,1865,2775,1295,1875,4595,7750,3775,7745,1900
1735297200,1539.5875007574,2744.5000021905,4938.4375057407,21033.125015281,43500.000028739,115.875,150.125,99.65,749.875,254.125,247.125,515.625,736,735,1042.75,1571.25,2590,1326.25,1262.5,2432.5,1860,2785,1300,1875,4597.5,7750,3772.5,7708.75,1900
1735383600,1543.1375007797,2736.3000022564,4908.4375056215,20898.500015218,43296.500028655,114.625,149,103.375,769.25,261.625,243.5,516.25,737.875,757.125,1034.5,1557.5,2572.5,1332.5,1200,2416.25,1856.25,2750,1300,1875,4580,7750,3760,7650,1850
1735470000,1554.8625007737,2776.3750022557,4926.9375056215,20932.437515445,43160.937528554,114.25,153.75,104,757.875,259.625,243,534.75,742.375,756.875,1029.375,1706.25,2570,1248.75,1202.5,2418.75,1853.75,2725,1307.5,1966.25,4573.75,7750,3725,7571.25,1800
1735556400,1564.8500007857,2805.5125022549,4930.125005316,21170.125016207,43137.500028536,114.25,155.125,105.375,763.875,263.625,243,567.375,747,756.625,1030,1731.25,2367.5,1250,1200,2445,1836.25,2723.75,1310,2240,4575,7750,3700,7540,1800
1735642800,1555.1500007793,2812.6000021771,4980.5833385363,21167.250016183,43057.916694706,114.33333333333,154.66666666667,101.2,752.5,261.5,242.66666666667,574.33333333333,758.33333333333,730.5,1025.8333333333,1856.6666666667,2286.6666666667,1250,1205,2445,1830,2720,1310,2240,4575,7583.3333333333,3700,7495,1800
1735729200,1553.26250077,2814.7125021722,5044.6250054408,20883.687516162,42836.812527068,115.375,152.875,99.675,757.5,258.375,237.625,577,767.5,728.875,1105.625,1800,2440,1291.25,1211.25,2397.5,1830,2708.75,1310,2238.75,4568.75,7251.25,3700,7332.5,1812.5
1735815600,1575.7625008162,2831.0250022635,5025.0000054259,20852.062516101,42780.062527731,113.125,157.625,100.225,775.75,273.875,222.25,575,769.125,759.5,1078.125,1720,2441.25,1310,1200,2398.75,1830,2675,1310,2235,4550,7255,4575,7398.75,1812.5
1735902000,1565.3000008389,2829.6875022165,4888.1250054836,20781.875016026,43013.687531457,114,154.375,101.75,769.25,281.5,220.5,574.625,787.125,743.75,992.75,1576.25,2475,1300,1205,2395,1805,2675,1305,2235,4552.5,7826.25,7166.25,7398.75,1875
1735988400,1570.5875008479,2820.6375021655,4907.812505234,20805.250016019,43078.000032041,114.625,155.5,101.25,765.125,284.5,224.625,574.25,769.75,726.625,993,1616.25,2306.25,1303.75,1206.25,2397.5,1805,2670,1305,2235,4555,8020,7125,7400,1900
1736074800,1552.5666675145,2793.000002111,4886.7500051061,21018.666682663,43075.416698782,113.16666666667,154.66666666667,103,745.66666666667,284.5,217.83333333333,562.16666666667,767.5,708.33333333333,993.66666666667,1611.6666666667,2216.6666666667,1310,1210,2430,1805,2655,1306.6666666667,2235,4555,8045,7125,7406.6666666667,1900
1736161200,1586.8000008538,2898.0750022251,4935.0000051223,21531.250015851,44158.875032114,115.25,158.125,104.75,767.25,286.5,231.75,643.25,786.25,746.625,1010,1612.5,2223.75,1308.75,1213.75,2500,1805,2600,1310,2213.75,4705,8045,7122.5,7411.25,1900
1736247600,1619.8250008635,2876.1750022974,4933.6875052694,21539.00001565,44161.250032075,115.375,159.25,105.5,821.25,289.75,234.75,577.5,783.5,770.875,1022.5,1632.5,2262.5,1272.5,1273.75,2501.25,1805,2600,1315,2146.25,4715,8033.75,7115,7338.75,1900
1736334000,1636.7312508218,2874.2125022653,5023.5625053551,21357.750015641,44226.250029774,115.875,159.125,102.9125,860.25,275.75,235.375,581,779.875,760.125,1031.25,1626.25,2298.75,1352.5,1295,2475,1805,2596.25,1308.75,2145,4753.75,7706.25,5352.5,7277.5,1892.5
1736420400,1612.8250008166,2849.8875021599,5046.750005411,21322.375015672,44043.500026362,112.75,158.375,101.8,845.25,274,234.5,587.125,780.125,724.75,1033.75,1625,2336.25,1400,1295,2473.75,1805,2580,1310,2163.75,4765,7000,3602.5,7275,1890
1736506800,1623.3333341296,2848.2833354945,4911.7500054017,21245.166682375,44411.666695486,114.16666666667,159.33333333333,100.3,851.5,267.16666666667,230.33333333333,577.5,772.5,725.16666666667,1038.6666666667,1630,2330,1243.3333333333,1295,2460,1808.3333333333,2578.3333333333,1310,2173.3333333333,4791.6666666667,6950,7100,7275,1890
1736593200,1621.7250007879,2832.775002161,4913.0625054874,21181.000015713,44318.000028819,113.875,159,100.2,854.5,264.375,228,568,766.375,725.125,1038,1632.5,2382.5,1242.5,1300,2451.25,1810,2575,1310,2175,4785,6950,7100,7231.25,1890
1736679600,1636.825000843,2866.5250021406,5031.8750057761,21266.625015764,44025.125028761,114.25,160.25,103.5,861,282.875,228.625,601.125,775.25,718.25,1060,1681.25,2505,1295,1371.25,2460,1810,2576.25,1316.25,2191.25,4787.5,6931.25,7097.5,6910,1890
1736766000,1615.4625008069,2857.9625020009,5035.9375057742,21400.125015788,43565.625028741,113.875,161.25,103.25,818.375,270.75,230.375,600.5,771.375,671.375,1096.25,1680,2502.5,1277.5,1372.5,2476.25,1810,2575,1320,2200,4747.5,6925,7095,6717.5,1890
1736852400,1598.8500009086,2838.2000020258,4924.3125055097,21415.625015786,42598.68752874,113.375,160.875,103,778.75,304.875,229.75,576,767.25,679.75,1120,1668.75,2322.5,1183.75,1375,2477.5,1810,2573.75,1320,2200,4628.75,6925,7093.75,6575,1890
1736938800,1634.1166675786,2859.5000021507,4873.1666721776,21385.666682459,42439.333362095,112.66666666667,161.66666666667,103.66666666667,847.5,306,230.33333333333,576,778.66666666667,721.66666666667,1061.6666666667,1591.6666666667,2318.3333333333,1200,1380,2478.3333333333,1811.6666666667,2571.6666666667,1320,2201.6666666667,4621.6666666667,6933.3333333333,7090,6500,1890
1737025200,1641.0625009447,2861.9375021048,4899.5625055023,21439.000015799,42421.000028811,113.375,161.875,102.825,850.5,317,229.625,579.25,778.125,706.25,1060,1621.25,2312.5,1206.25,1380,2485,1811.25,2570,1320,2205,4621.25,6950,7090,6475,1890
1737111600,1636.8250010092,2831.7375021204,4912.0000055023,21516.375016049,42245.375028811,110.5,160.125,102.45,870.75,338.625,229.625,572.75,775,711.5,1098.75,1732.5,2310,1177.5,1382.5,2495,1895,2570,1320,2205,4597.5,6950,7090,6475,1890
1737198000,1640.5250010122,2837.1000021864,4830.125005573,21434.00001578,42150.062528853,109.25,161.5,102.325,876.875,339.625,229.625,576.625,772,733.625,1065,1567.5,2355,1190,1385,2490,1805,2570,1320,2205,4585,6962.5,7096.25,6493.75,1890
1737284400,1641.8000010084,2832.4125021808,4840.7500056066,21429.750015773,42476.000028979,108,162.25,102.875,883.375,338.375,228.75,576.625,769.875,731.75,1065,1572.5,2365,1200,1397.5,2491.25,1802.5,2570,1320,2205,4631.25,7000,7115,6500,1890
1737370800,1639.9000010168,2866.6666688273,4819.7500055904,24806.666682425,42872.333361867,107.16666666667,162.5,100.83333333333,885.16666666667,341.16666666667,228.5,643.5,774.83333333333,725,1065,1581.6666666667,2316.6666666667,1180,1435,2975,1800,2581.6666666667,1320,2196.6666666667,4693.3333333333,7150,5943.3333333333,6500,1876.6666666667
1737457200,1620.2375010066,2873.1750021223,4782.6250055544,31024.375015674,42738.750027642,107.25,161.5,104,851.375,337.75,228.875,672.125,775,712.125,1050,1547.5,2293.75,1176.25,1433.75,3865,1800,2558.75,1320,2180,4683.75,7450,3600,6500,1850
1737543600,1606.2500008885,2845.5000021234,4777.9375055134,30002.250015587,42513.750029653,105.875,161.625,104,849.25,298.125,229.5,628.75,774.75,712.5,1040,1570,2276.25,1177.5,1423.75,3722.5,1800,2500,1320,2180,4635,8125,3600,6500,1850
1737630000,1604.2000008803,2823.8000021242,4793.3125054576,29072.250015587,42252.875030125,104.125,162.75,106.75,848.5,295.375,233.75,585,774.75,712.75,1040,1623.75,2252.5,1175,1410,3593.75,1800,2500,1308.75,2180,4585,8300,3607.5,6575,1812.5
1737716400,1605.5666675394,2826.1500021319,4801.5833388045,28595.83334894,42248.833363439,104.83333333333,162.33333333333,106.16666666667,850.5,292.83333333333,234,585.16666666667,775.33333333333,715.33333333333,1040.3333333333,1633.3333333333,2261.6666666667,1175,1410,3525,1803.3333333333,2500,1305,2183.3333333333,4580,8300,3606.6666666667,6600,1800
1737802800,1631.5625008959,2840.1750021353,4828.687505478,28294.750015482,42589.562528853,108.625,161.875,106.125,872.75,300.625,234.25,580.25,775.25,716.5,1044,1635,2261.25,1173.75,1415,3477.5,1805,2500,1305,2140,4635,8300,3601.25,6600,962.5
1737889200,1628.5062509209,2843.2750021257,4807.3750054799,26375.750015561,42624.750028826,107.75,161.875,102.7875,873.625,309,220.5,575.75,792.5,713.25,1045.5,1621.25,2262.5,1165,1415,3203.75,1805,2532.5,1305,2150,4645,8300,3600,6575,945
1737975600,1632.6812510092,2808.812502129,4771.2500054408,26323.750015564,42673.312528987,106,163.125,103.4125,873.5,338.625,219.5,546.875,774,714.375,1046,1572.5,2251.25,1160,1400,3198.75,1805,2535,1305,2150,4658.75,8356.25,3591.25,6533.75,945
1738062000,1619.2812510528,2773.7500021309,4763.1250054389,25720.875015564,42894.000029022,102,161.5,106.2625,883,353.25,221.625,535.125,773.375,715,1052.75,1625,2250,1163.75,1400,3117.5,1805,2535,1307.5,2150,4700,8368.75,3587.5,6500,945
1738148400,1605.0000010282,2769.3666687682,4759.3333387822,25476.500015646,42863.583362273,103,159.83333333333,107.16666666667,862.16666666667,345,221.66666666667,541,773,705.16666666667,1053,1615,2253.3333333333,1168.3333333333,1403.3333333333,3080,1801.6666666667,2536.6666666667,1310,2180,4695,8341.6666666667,3585,6500,945
1738234800,1601.5500010103,2731.787502123,4759.4375054594,28214.125015844,43589.000029402,105.875,153.125,108,887.5,339,223.375,512.75,773.125,712.375,1054.25,1625,2253.75,1187.5,1410,3463.75,1807.5,2537.5,1318.75,2240,4790,8325,4272.5,6500,945
1738321200,1558.7250010185,2739.4500021208,4806.5000054445,26630.500015724,43974.68753093,99.5,160.125,108.25,795.5,341.75,224,506.75,773.5,711.625,1048,1655,2256.25,1222.5,1397.5,3247.5,1815,2527.5,1323.75,2197.5,4840,8325,6323.75,6500,945
1738407600,1576.3000009559,2761.7500021104,4840.593755452,26611.125015579,44338.625030927,98.1625,162.875,109,827,320.75,224.125,528.5,775.75,708.125,1058,1696.25,2255,1221.25,1403.75,3247.5,1821.25,2512.5,1322.5,2150,4895,8325,6320,6487.5,945
1738494000,1529.8500008959,2752.4000021052,4782.0000054743,24761.312515572,44545.187530586,88.775,162,107.75,825.5,300.625,224.375,596.625,784.75,706.375,1059.625,1700,2260,1235,1413.75,2997.5,1825,2500,1316.25,2150,4895,8217.5,6285,6810,948.75
1738580400,1500.116667599,2764.8000021031,4742.6666721428,24642.000015621,44026.166697624,90.2,157.66666666667,107.83333333333,784.33333333333,312.83333333333,223.83333333333,661.16666666667,784.16666666667,705.66666666667,1060,1673.3333333333,2260,1228.3333333333,1415,2978.3333333333,1825,2500,1313.3333333333,2166.6666666667,4850,8100,6250,6566.6666666667,1450
1738666800,1529.3000009675,2811.3750020098,4759.8125051279,24324.375015646,44377.56253093,99.875,159.25,109,746.75,324.625,221.5,658.25,781.75,674.375,1058.75,1625,2065,1210,1376.25,2918.75,1825,2500,1315,2175,4883.75,8100,6213.75,6587.5,1450
1738753200,1530.9375008903,2807.4250017684,4758.375005303,24661.625015708,44332.500030808,100,160,108.375,754,298.75,218.125,657.875,790.75,593.375,1057.5,1592.5,2200,1207.5,1358.75,2966.25,1842.5,2506.25,1315,2175,4883.75,8050,6150,6550,1500
1738839600,1539.7500008866,2760.587501945,4807.7812554184,24575.625016065,44520.000030883,102.1875,160.125,110.5,751.5,297.5,220.625,588.625,753.75,652.625,1081.25,1610,2242.5,1211.25,1393.75,2945,1918.75,2518.75,1320,2212.5,4905,8000,6150,6550,1650
1738926000,1572.8875007823,2759.5875020139,4839.6875054371,24125.500016205,44815.500030883,104.925,160.5,110.875,806.5,262.5,235.25,513.375,762.5,675.75,1085,1633.75,2253.75,1205,1395,2875,1925,2525,1321.25,2250,4943.75,8000,6150,6545,1650
1739012400,1595.21666744,2760.8666686664,4853.3333387549,24564.333349538,44798.500030895,105.93333333333,161.66666666667,111,834.83333333333,259.5,232,513.66666666667,754.16666666667,671,1095,1645,2243.3333333333,1193.3333333333,1395,2935,1925,2525,1325,2250,4940,8000,6150,6538.3333333333,1658.3333333333
1739098800,1584.7250007831,2735.650001999,4900.4687554576,25391.000016311,44297.000030892,106.7625,159.875,109.5,821.75,262.75,227.75,514.125,737.5,670.75,1097.5,1748.75,2237.5,1191.25,1425,3050,1925,2548.75,1330,2273.75,4870,8000,6112.5,6517.5,1675
1739185200,1575.7625007443,2769.312501967,4944.1875054538,25507.75001632,44397.000030987,108.875,160.5,109.25,787.375,249.75,221.625,567.75,735.25,660,1095,1793.75,2235,1193.75,1425,3063.75,1933.75,2545,1330,2270,4886.25,8047.5,6050,6477.5,1675
1739271600,1560.4000007417,2768.3375019133,4883.312505519,25466.437516827,40103.687531054,108.5,161,109.75,755.5,248.875,225.875,538,749.5,642,1091.875,1660,2240,1196.25,1463.75,3053.75,2028.75,2545,1330,2345,4265,8070,6050,6533.75,1675
1739358000,1541.5000007401,2749.616668433,4818.1666721801,24518.000016995,48444.500030726,102.66666666667,162,111,755.33333333333,248.33333333333,228.33333333333,540.83333333333,761.16666666667,592.66666666667,1068.3333333333,1630,2240,1195,1460,2926.6666666667,2085,2545,1330,2345,5470,7960,6050,6531.6666666667,1675
1739444400,1544.0000007264,2794.2500017937,4826.2500055172,24025.25001673,48322.5000301,105.25,159.875,110.375,759.125,243.75,309.75,544.75,761.125,601.875,1082.5,1642.5,2242.5,1185,1460,2853.75,1993.75,2545,1332.5,2347.5,5453.75,7750,6050,6532.5,1675
1739530800,1552.6250007153,2791.8625018764,4838.4375055432,23498.000016622,47303.562530377,107.125,159.625,109.25,766,240,304.875,517.25,761.5,629.625,1085,1641.25,2246.25,1182.5,1473.75,2776.25,1955,2545,1335,2350,5303.75,7840,6053.75,6525,1678.75
1739617200,1555.9750007037,2798.3250018749,4860.7500056755,23266.000016592,48506.250031143,107.75,160.25,105.75,767.75,236.125,300.5,518.25,762.875,629.125,1085,1640,2245,1187.5,1563.75,2742.5,1955,2525,1335,2350,5467.5,8100,6040,6523.75,1680
1739703600,1564.0875007045,2829.6250019334,4890.5625056643,23324.250016734,50517.500031106,108.375,161,104.75,773.875,236.375,326.25,526.75,765.5,648.75,1100,1638.75,2241.25,1201.25,1560,2747.5,1955,2480,1335,2420,5755,8096.25,6005,6511.25,1680
1739790000,1567.5333340416,2820.183335267,4905.9166723291,23230.500016473,51862.250031102,106.5,163.16666666667,110.83333333333,771.83333333333,237.66666666667,309,524.83333333333,762,648.83333333333,1090,1680,2240,1200,1560,2740,1955,2485,1335,2330,5951.6666666667,8095,6005,6503.3333333333,1680
1739876400,1573.0000007283,2829.0750019252,4911.0625056289,23603.250016486,48071.625031102,105.375,163.375,112.875,785.375,244.375,323.75,531.5,765.125,646,1086.25,1662.5,2212.5,1225,1565,2795,1955,2493.75,1335,2330,5412.5,8095,6005,6500,1680
1739962800,1590.9500007164,2836.1125019249,4960.1875055768,23621.75001625,46694.750030059,107.375,163.75,116.125,800.625,240.375,312.125,537.5,762.75,645.875,1080,1678.75,2235,1255,1507.5,2797.5,1955,2495,1335,2250,5222.5,7745,6005,6506.25,1680
1740049200,1604.0875007212,2826.1125020012,4970.3125055172,23633.000016026,49059.250030201,111.125,160.5,117.5,820.875,242,314.5,508.625,761.625,671.5,1072.5,1693.75,2252.5,1260,1450,2800,1955,2495,1310,2175,5550,7792.5,6005,6535,1680
1740135600,1592.93333406,2797.4000019953,4989.6666721577,23592.166682618,50561.916697292,107.66666666667,161,114,825,243.83333333333,314.66666666667,490.33333333333,756.66666666667,669.5,1070,1780,2265,1261.6666666667,1420,2800,1955,2495,1310,2150,5765,7935,6005,6540,1680
1740222000,1596.2375007309,2770.1125020348,4975.3125054296,23249.000016032,49790.750030717,108.125,160,114,835.375,245.25,313.375,467.5,742.5,682.75,1076.25,1736.25,2238.75,1273.75,1405,2747.5,1966.25,2498.75,1321.25,2163.75,5645,7937.5,6005,6595,1736.25
1740308400,1581.7250007391,2776.5125020202,4924.9375053681,24130.125016058,49235.562529438,107.125,160.625,114.125,808.125,248,309.5,476.875,748.375,677.875,1092.5,1703.75,2198.75,1238.75,1403.75,2872.5,1975,2498.75,1327.5,2163.75,5580,7500,6001.25,6582.5,1755
1740394800,1574.0625007451,2814.2375020813,4935.2500052359,25614.375016047,48944.625029424,103,164.125,114.75,796.375,250,313.25,501.875,767.25,698.375,1095,1725,2075,1252.5,1438.75,3090,1976.25,2503.75,1330,2156.25,5542.5,7500,5982.5,6595,1755
1740481200,1550.0250007454,2785.6375020836,4938.3125053737,27689.500015974,48895.062529412,103.125,162.125,116.875,761.125,250.125,315.875,473.25,762.875,699.125,1105,1726.25,2156.25,1253.75,1450,3386.25,1955,2505,1330,2152.5,5535,7500,5966.25,6592.5,1755
1740567600,1532.9833340148,2765.1000019908,4893.8333390777,27102.3333493,48892.916696078,103.66666666667,158.33333333333,117.66666666667,760.83333333333,228.66666666667,324.5,512.5,744.66666666667,668,1105,1700,2153.3333333333,1220,1701.6666666667,3301.6666666667,1955,2505,1330,2150,5535,7500,5965,6585,1755
1740654000,1535.6750007011,2748.375001967,4903.6250057686,27509.250015821,48883.750029411,102.25,160.125,120.125,758.125,235.25,280.375,523.625,742.375,660,1115,1702.5,2098.75,1220,1772.5,3362.5,1905,2507.5,1330,2150,5535,7500,5965,6585,1755
1740740400,1537.362500703,2744.1750019677,4895.437505642,27737.625015825,48577.875029594,102.625,158.875,124.25,764.125,235.875,281.875,524.625,742.5,660.25,1116.25,1703.75,2091.25,1225,1695,3395,1905,2510,1326.25,2150,5488.75,7562.5,5960,6586.25,1755
1740826800,1517.3625007026,2689.1500019021,4844.9062556066,27580.375016131,49035.0625295,94.2875,159.5,124.375,785.75,235.75,275.375,507,741.875,638.25,1115,1715,2085,1230,1677.5,3381.25,1921.25,2682.5,1328.75,2150,5567.5,7500,5946.25,6582.5,1823.75
1740913200,1539.4500007009,2736.8000019491,4900.3333389411,27653.000016498,49218.666696188,97.666666666667,163.66666666667,120.66666666667,773.5,235.16666666667,270.33333333333,521,740,654,1118.3333333333,1730,2073.3333333333,1221.6666666667,1690,3383.3333333333,1960,2855,1326.6666666667,2148.3333333333,5590,7500,5933.3333333333,6571.6666666667,1845
1740999600,1553.3375006914,2729.5250019673,4916.8125055879,27996.125016473,49789.125029519,99.625,164.5,127.25,773.625,232,261.875,475.625,743.625,660.125,1118.75,1730,2077.5,1218.75,1672.5,3430,1960,2850,1325,2142.5,5670,7500,5930,6562.5,1845
1741086000,1567.7875007123,2760.9250019696,4918.9687555693,28184.00001643,49816.75002951,101.2625,164.75,124.25,787.625,239,255.375,469,771.75,660.875,1117.5,1730,2073.75,1208.75,1663.75,3455,1960,2826.25,1325,2140,5672.5,7500,5917.5,6557.5,1845
1741172400,1570.5875007398,2754.8375018835,4927.5000056326,28001.250016317,49857.750029508,102,164.75,120.625,787.25,248.25,249.625,475,767.625,632,1120,1730,2100,1206.25,1680,3428.75,1922.5,2825,1325,2140,5677.5,7500,5905,6555,1850
1741258800,1580.1666673844,2779.75000188,4942.5000056649,27183.833349608,49433.583362841,103.66666666667,164.5,120.66666666667,798,240.83333333333,271.5,475.33333333333,774.83333333333,630.83333333333,1120,1730,2128.3333333333,1208.3333333333,1673.3333333333,3310,1910,2825,1325,2138.3333333333,5615,7500,5905,6551.6666666667,1850
1741345200,1601.9875007365,2786.6375018917,4933.3750053141,27084.875016222,49337.687529507,105.5,164.625,126.25,817.875,247.125,260.625,475.5,776.375,634.75,1120,1736.25,1941.25,1205,1625,3293.75,1910,2798.75,1325,2133.75,5600,7500,5903.75,6542.5,1850
1741431600,1591.4750007279,2775.8875019047,4931.4375053681,25525.250016171,48798.750029504,102.625,164.5,130.375,817.875,244.25,259,476.875,780,639.125,1127.5,1755,1995,1208.75,1607.5,3075,1910,2775,1325,2128.75,5527.5,7500,5900,6536.25,1850
1741518000,1582.1500007167,2761.9833352094,4909.8333386456,29850.666682951,48578.833362828,99.866666666667,164.66666666667,131.16666666667,820.66666666667,240.5,260,477.5,780,629.5,1131.6666666667,1751.6666666667,2005,1210,1560,3695,1960,2758.3333333333,1328.3333333333,2125,5500,7500,5900,6535,1843.3333333333
1741604400,1568.6500007439,2753.2500018906,4936.5312553365,26681.375016268,51363.937528805,97.8375,164.5,133.25,805.5,249.625,260,477.875,781.25,634.375,1132.5,1751.25,1981.25,1251.25,1600,3245,1960,2747.5,1330,2125,5921.25,7275,5891.25,6437.5,1835
1741690800,1557.7625007238,2767.0375018902,4933.4375054315,26602.750016265,53456.250028592,100.875,164.625,129.375,765,242.875,244.5,493.625,779,634.25,1142.5,1740,1976.25,1218.75,1668.75,3228.75,1960,2745,1330,2125,6222.5,7200,5885,6400,1845
1741777200,1563.9500007201,2766.7125019357,4924.3750053756,27023.250016291,53526.000028588,100.75,164.625,126.875,781.375,241.625,241.375,476.75,786.25,649.5,1142.5,1736.25,2002.5,1216.25,1605,3288.75,1960,2772.5,1330,2120,6236.25,7200,5880,6375,1845
1741863600,1572.3166673943,2752.1833353067,4914.9583386978,26377.000016145,54079.333361981,98.35,164.5,126.66666666667,817.5,244.16666666667,238.33333333333,475.33333333333,784.16666666667,662.16666666667,1136.6666666667,1721.6666666667,1995,1236.6666666667,1605,3201.6666666667,1966.6666666667,2658.3333333333,1330,2121.6666666667,6315,7220,5880,6400,1845
1741950000,1573.4250006977,2745.4750018921,4935.1562552135,26330.000016145,54679.125028854,98.0875,164.5,127.25,825.25,234.125,238,489.125,777.5,634.875,1141.25,1705,1936.25,1275,1562.5,3195,1970,2655,1330,2120,6398.75,7288.75,5880,6400,1846.25
1742036400,1571.3875006925,2751.1125018988,4955.0000051968,28154.375016145,55280.87502889,98.9,164.125,122.5,823.125,232.375,258.625,478.5,775.875,637.125,1203.75,1675,1925,1276.25,1562.5,3450,1970,2655,1330,2120,6458.75,7300,5880,6540,1847.5
1742122800,1564.2250007018,2744.1000019144,4964.4375054054,26801.250016131,56068.937528874,98.375,162.25,120,829.25,235.5,265.75,483,775.875,642.375,1245,1661.25,2081.25,1275,1546.25,3255,1965,2655,1327.5,2120,6550,7296.25,5878.75,6675,1845
1742209200,1574.8375006933,2769.9500019159,4960.9375054073,26792.625016123,57236.375028826,100.375,162.625,130.75,821.875,232.625,269,502.75,777.875,642.875,1166.25,1702.5,2088.75,1272.5,1540,3256.25,1965,2650,1330,2120,6720,7282.5,5870,6675,1845
1742295600,1585.1125007205,2791.1875019129,4955.0625052825,27109.000016117,59831.062528796,100.675,162.75,131.5,834.625,241.75,264.75,543.875,778.625,641.875,1176.25,1688.75,2008.75,1273.75,1536.25,3300,1967.5,2638.75,1332.5,2121.25,7090,7275,5858.75,6673.75,1845
1742382000,1583.8833340257,2815.416668574,4962.5000052874,27013.16668277,60578.083362126,101,162.16666666667,133,836.5,232.33333333333,285.66666666667,516.16666666667,808.5,640,1185,1711.6666666667,2003.3333333333,1266.6666666667,1545,3285,1970,2626.6666666667,1335,2120,7195,7275,5855,6678.3333333333,1845
1742468400,1584.6875006929,2809.3250018675,5033.6875052489,27346.625020085,60979.750028793,101.125,162.125,129.75,840.625,232.5,273.75,535,801.25,626.625,1245,1721.25,2037.5,1305,1485,3290,3308.75,2621.25,1335,2120,7245,7275,5855,6698.75,1845
1742554800,1592.0750006996,2835.80000191,5043.2500049006,26922.750020046,59792.000028789,102.75,163.125,129.5,833.75,234.75,278.625,541.125,805.25,640.875,1245,1738.75,2027.5,1310,1261.25,3227.5,3310,2605,1335,2113.75,7051.25,7273.75,5855,6851.25,1845
1742641200,1597.4333340377,2837.7000018929,5041.7916717604,27721.000020231,61274.666695421,100.41666666667,163,129,864,236.33333333333,287.16666666667,546.66666666667,813.66666666667,635.16666666667,1245,1736.6666666667,2010,1315,1408.3333333333,3343.3333333333,3393.3333333333,2600,1333.3333333333,2095,7203.3333333333,7266.6666666667,5850,7295,1838.3333333333
1742727600,1605.0750007275,2879.8750019018,5039.5625050496,28639.500020221,61334.000028744,100.875,163.625,132.875,863.625,244.125,292.375,606.875,816.5,638.125,1245,1725,2013.75,1313.75,1375,3473.75,3390,2600,1335,2095,7211.25,7265,5850,7295,1835
1742814000,1590.9875007413,2877.5000018924,5017.9375054836,28213.750019733,61602.250028744,98.575,161.875,134.75,864.125,248.75,294,640,819.375,635,1205,1722.5,2305,1313.75,1375,3423.75,3230,2600,1335,2091.25,7256.25,7265,5850,7291.25,1835
1742900400,1598.8375007518,2906.050001923,4976.4687550683,28089.125018299,63406.375028763,99.1125,162.75,134,867.875,252.25,291.625,551,883.625,645.25,1155,1715,2026.25,1318.75,1375,3422.5,2750,2600,1335,2090,7512.5,7271.25,5850,7320,1835
1742986800,1600.0000007477,2914.1250018999,5005.3125051316,27593.000018291,63705.750028688,99.675,163.25,135,861.25,250.875,295.375,529.875,896.125,637.5,1167.5,1733.75,2042.5,1320,1401.25,3350,2750,2597.5,1335,2088.75,7550,7246.25,5850,7350,1835
1743073200,1607.0666674475,2991.9333352422,5012.5833384196,27468.500018269,63540.666695349,98.166666666667,163.33333333333,135.83333333333,881.5,262,329.83333333333,585.83333333333,935.16666666667,640.5,1161.6666666667,1751.6666666667,2015,1335,1398.3333333333,3335,2750,2590,1335,2085,7533.3333333333,7245,5846.6666666667,7320,1835
1743159600,1593.8000008378,3018.4500019103,4978.1562550254,27758.875017904,68015.375028674,96.9875,163,135.5,859.75,281.125,329.125,650,937.75,641,1167.5,1725,2018.75,1326.25,1353.75,3381.25,2625,2595,1335,2085,8175,7238.75,5845,7312.5,1842.5
1743246000,1596.5000009459,3029.900001904,4980.968755018,27729.625017786,66028.56252863,97.1625,163.375,133,848.75,317.375,330.25,658.125,941.875,638.875,1173.75,1725,2023.75,1322.5,1343.75,3377.5,2590,2591.25,1335,2082.5,7887.5,7223.75,5841.25,7336.25,1845
1743328800,1609.9500009481,3025.1875018589,5019.0000049882,27508.500017572,67287.625027692,98.05,162.875,134.75,870.5,318.125,334.5,656.375,937.5,623.75,1180,1727.5,2013.75,1355,1333.75,3346.25,2522.5,2587.5,1335,2080,8075,7081.25,5152.5,7333.75,1845
1743415200,1624.6875010189,2996.7875019349,5022.8750050273,26682.875017691,58236.437528175,98.25,162.75,134.25,890.375,341.875,333.75,588.625,938,649.25,1191.25,1730,2013.75,1348.75,1360,3226.25,2590,2582.5,1333.75,2055,6777.5,7071.25,5841.25,7325,1845
1743501600,1628.2000010853,2939.9333352422,5040.4166716163,26242.500017688,64227.666694837,97.633333333333,163,132.5,893.16666666667,364.16666666667,332,560,899.66666666667,640.5,1225,1755,1990,1345,1331.6666666667,3161.6666666667,2590,2580,1335,2055,7636.6666666667,7070,5840,7291.6666666667,1845
1743588000,1627.6722253435,2967.3722266265,5026.2361198357,25710.27780038,61448.66669989,99.48333384196,162.94444444444,131.66666666667,878.38888888889,364.66666666667,332.05555555556,567.27777777778,917.72222222222,624.5,1188.8888888889,1731.1111111111,1965,1350,1330,3087.2222222222,2530,2580,1335,2057.2222222222,7239.4444444444,7058.8888888889,5840,7295,1845
1743674400,1621.7125017971,2978.687502793,5054.1093813321,26216.687519139,62812.937529933,97.531250190735,163.875,131.0625,882.3125,347,326.25,567.5625,937.4375,617.1875,1190,1745.625,1960.625,1378.75,1328.75,3165,2431.875,2580,1335,2060,7438.125,7021.25,5840,7295,1845
1743760800,1617.3437506044,2971.3125013104,5022.2343791323,26599.562516222,62137.812527027,98.131249904633,163.75,130.4375,876.875,330.8125,311.25,564.1875,940.5,599.6875,1190,1749.375,1939.375,1345,1313.75,3219.375,2416.875,2580,1335,2056.25,7341.25,7008.125,5840,7295,1841.25
1743847200,1623.8062509758,2976.9062517928,5021.0781298112,26753.250017074,61734.750027741,98.86875,163.5,130.6875,887,327.4375,318.1875,550.9375,946.6875,601.5625,1190,1744.375,1943.75,1345,1285,3241.25,2380,2601.875,1335,2048.125,7291.875,6970,5683.75,7246.25,1835
1743933600,1617.1857139355,2964.4285715872,5017.3035737617,26636.785727767,61763.714310038,98.764285387312,163.07142857143,131.78571428571,879.35714285714,321.35714285714,326.07142857143,550.71428571429,933.42857142857,601.78571428571,1188.5714285714,1743.5714285714,1932.1428571429,1347.8571428571,1279.2857142857,3228.5714285714,2274.2857142857,2605.7142857143,1330.7142857143,2043.5714285714,7296.4285714286,6882.8571428571,5585.7142857143,7255,1959.2857142857
1744020000,1616.4749994107,2970.3312499579,5015.4687518161,26504.375012726,63500.375023702,98.43749961853,164,126.5,881.25,314.25,325.5625,542.375,935,625.875,1185,1745.625,1866.25,1350,1272.5,3212.5,2210,2600,1330,2040,7538.75,6846.25,5587.5,7305.625,1980
1744106400,1616.8875017013,2961.5375028159,5093.9687560797,26614.875018433,65148.125029238,98.462500190735,163,122.4375,893.6875,314.875,324.8125,534.1875,936.75,624.875,1287.5,1835,1870,1341.25,1250,3221.25,2210,2600,1328.75,2035,7776.875,6861.25,5277.5,7247.5,1980
1744192800,1617.6875005705,3100.9375013011,5451.4062539339,27988.812515572,69572.062524803,98.262499904633,163.25,123.0625,892.4375,319.4375,325.0625,536.1875,1080.1875,596.5625,1990.625,1835,1870,1346.875,1250,3368.125,2210,2600,1325,2035,8409.375,6880,3090,7000,1980
1744279200,1630.2199997866,3063.7500002563,5435.775002189,27092.500013492,69428.800022705,98.329999694824,163.9,125.7,901.7,338,302.5,536.3,1049.7,598,1974,1773,1755,1377,1250,3241,2210,2612,1325,2035,8390,6880,3090,7000,1980
1744365600,1621.7749994453,3167.1000000276,5382.8750016242,26854.750012718,68307.750021797,97.89999961853,164.125,129,888,325.875,319.625,537.375,1134.5,649.25,1942.5,1757.5,1771.25,1348.75,1238.75,3210,2213.75,2605,1325,2031.25,8368.75,6831.25,3090,6057.5,1980
1744452000,1628.5749956425,3302.5249953121,5680.8312443178,27758.250003234,65940.562512302,98.087498664856,164.125,136.875,890.625,329.875,332.5,537.875,1258.75,667,2491.25,1810,1751.25,1355,1155.5,3298.75,2235,2602.5,1327.5,2028.75,8037.5,6845,3091.25,5730,1980
1744538400,1618.8749971744,3284.8124971315,5519.1624970678,27170.250007035,64929.875016101,98.874999046326,164.375,136.125,862.875,331.875,320.75,532.625,1250,637.5,2136.25,1841.25,1750,1355,1082.25,3238.75,2235,2601.25,1330,2025,7917.5,6840,3090,5730,1980
1744624800,1614.6874986887,3291.2874990646,5482.6312499531,26785.000010841,64998.937519896,99.037499427795,163.75,130.625,865.25,328,323,528.25,1258.75,646.125,2028.75,1903.75,1770,1342.5,1078.5,3191.25,2235,2600,1330,2022.5,7890,6833.75,3088.75,6045,1980
1744711200,1634.600006314,3296.8750086501,5557.718764402,26133.000029931,63003.437538468,99.162501335144,164.75,122.75,904.5,326.625,306.875,508.25,1272.5,662.5,1865,2170,1873.75,1348.75,1071.25,3108.75,2235,2616.25,1335,2020,7590,6773.75,3083.75,6263.75,1766.25
1744797600,1629.4000063222,3366.512508573,5135.4062644336,25249.375029802,58093.125038408,98.537501335144,164.875,121.625,898.125,329.375,332.125,514.875,1333.75,636.625,1510,1691.25,1913.75,1345,1052.5,3010,2235,2610,1335,1980,6888.75,6790,3080,6450,1695
1744884000,1627.3625032641,3293.4250047691,5242.6250086902,25693.750021886,53558.500030749,99.025000572205,164.875,125.25,887.375,327.25,337.25,537.25,1243.75,640.25,1517.5,1891.25,1906.25,1346.25,1045.625,3075,2220,2462.5,1335,1972.5,6240,6780,3080,6450,1695
1744970400,1626.5000033118,3282.125004774,5229.2187586781,24515.625022035,52141.812530733,98.462500572205,164.125,125.875,889.125,343.25,343.25,515.125,1247.5,641.875,1532.5,1837.5,1898.75,1362.5,1045,2905,2198.75,2605,1335,1972.5,6037.5,6775,3078.75,6450,1695
1745056800,1627.825006349,3102.0500086229,5647.656264388,24775.25002962,51254.89378835,98.912501335144,164.25,127.375,887.625,338.375,341.25,506.375,1067.5,653.375,1518.75,2806.25,1892.5,1300,1043.125,2942.5,2177.5,2602.5,1337.5,1980,5911.25,6775,3062.875,6450,1695
1745143200,1634.3875032943,3124.1500048917,5414.0312586976,24799.000021331,50558.900030717,100.2125005722,164.625,127.25,887.875,337.375,342.125,503.5,1076.25,681.375,1518.75,2350,1900,1280,1056.875,2950,2157.5,2600,1340,1780,5810,6775,3058,6450,1695
1745229600,1627.9874987118,3122.7874993049,5370.3750001639,22197.750009866,48777.900019275,98.599999427795,163.125,130.25,897.625,335.75,341.375,510,1080,726.75,1513.75,2318.75,1897.5,1273.75,1092.5,2581.25,2150,2601.25,1340,1780,5560,6775,3060.5,6437.5,1695
1745316000,1627.900000995,3108.5750019625,5326.3125048485,22295.375015577,48451.275024997,98.375,163.125,130.625,899.625,333.875,340.25,509.75,1081.25,658.5,1382.5,2285,2166.25,1287.5,1087.5,2605,2130,2633.75,1340,1780,5527.5,6775,3060.5,6406.25,1695
1745402400,1625.4124994725,3113.0374999717,5299.3125017267,22046.00001174,48196.775021177,98.77499961853,163.75,132,884.625,335,334.25,516.875,1085,630.5,1316.25,2252.5,1983.75,1320,1095,2573.75,2137.5,2611.25,1340,1776.25,5496.25,6775,3053,6400,1695
1745488800,1609.7000008803,3098.1875018887,5404.1250044014,21157.000015602,46689.52502499,98,163.75,129.5,877.75,295.375,338,509.875,1075,633.75,1525,2322.5,1881.25,1303.75,1072.5,2432.5,2160,2600,1340,1775,5265,6775,3050.5,6415,1695
1745575200,1613.7000023909,3092.7875037901,5401.1875072531,20039.250019416,42239.275028804,98.22500038147,164.25,131.625,879.875,290.25,330.5,509.125,1070,631.75,1525,2325,1872.5,1295,1075,2272.5,2160,2600,1340,1775,4627.5,6775,3050.5,6425,1695
1745661600,1609.0250031482,3103.6250048913,5327.9375086967,19789.875021325,39597.275030656,98.525000572205,163.875,131.5,872,288.375,324.625,498.375,1080,681.25,1440,2325,1870,1263.75,1086.25,2196.25,2160,2601.25,1663.75,1775,4252.5,6756.25,3050.5,6451.25,1695
1745748000,1613.0500023607,3292.8875039369,5415.5937572978,19956.625019424,40673.562529455,98.91250038147,163.625,132.625,881.125,280.125,325.125,503.125,1266.25,681,1465,2446.25,1872.5,1275,1105,2217.5,2160,2605,1665,1775,4393.75,6743.75,4048.75,6475,1695
1745834400,1629.4500046466,3265.9000067487,5487.0937619694,20255.625025146,46712.87503507,99.812500953674,164.5,128.25,904.5,279.125,255.625,493.25,1272.5,664.5,1502.5,2450,2127.5,1287.5,1105,2256.25,2160,2605,1665,1775,5250,6720,4000,6500,1695
1745920800,1624.5000008326,3239.475002015,5525.3125050105,20270.750015639,46753.500025533,100.125,164.375,128.75,892.5,279.375,308.125,489.125,1218.75,676.125,1540,2470,2215,1282.5,1147.5,2255,2170,2605,1665,1775,5246.25,6720,4000,6545,1695
1746007200,1599.2624985445,3069.0499991551,5493.9062509146,20324.375010021,46327.625019811,99.287499427795,163.375,130.5,854.875,279.625,305.375,488.75,1060,676.5,1540,2380,2216.25,1296.25,1277.5,2263.75,2200,2605,1658.75,1780,5207.5,6720,4000,6398.75,1695
1746093600,1610.0125008523,3063.5625020154,5478.8437550925,20140.250015743,45997.875025524,98.5625,163,135.875,877.25,286,304.375,493.125,1058.75,676.25,1533.75,2380,2132.5,1300,1285,2242.5,2200,2605,1633.75,1780,5162.5,6713.75,4012.5,6395,1695
1746180000,1592.6875053886,3054.9125077371,5455.5625138059,19624.000027142,45790.625036797,98.175001144409,162.5,117.125,874,272.125,302.125,490.5,1057.5,676.125,1515,2342.5,2220,1302.5,1285,2173.75,2185,2605,1615,1780,5171.25,6663.75,4050,6151.25,1661.25
1746266400,1591.5500007998,3048.6000020113,6786.5000052191,19262.750015678,45494.687525001,98,162.5,108.75,883,268.375,305.625,489.125,1051.25,674.875,1463.75,2326.25,2220,2668.75,1282.5,2126.25,2180,2601.25,1615,1780,5150,6552.5,4046.25,6055,1650
1746352800,1585.7250000276,3067.2125010639,6472.5625033099,19132.125013769,45321.062523085,98.074999809265,163.5,109.5,863.25,265.25,322.125,491.25,1053.75,677,1466.25,2325,1948.75,2378.75,1232.5,2106.25,2180,2600,1622.5,1780,5125,6550,4043.75,6055,1650
1746439200,1579.8749976996,3073.7999982145,5902.437498726,19010.625008047,44130.562517471,98.174999237061,163.5,107.375,858.125,252.125,320.25,491.25,1060,680.875,1571.25,2327.5,1880,1773.75,1105,2076.25,2165,2600,1657.5,1795,4950,6475,4488.75,6028.75,1650
1746525600,1588.3624977078,3117.9999983646,5750.718748726,18705.875008004,40639.500017054,98.612499237061,163.5,109.75,868.125,254.875,312.625,502.75,1090,731.25,1598.75,2327.5,1880,1605,1105,2028.75,2145,2601.25,1670,1800,4450,6245,4850,6047.5,1650
1746612000,1603.3999956747,3114.4833289559,5686.833328334,18701.833336291,40646.500011968,97.999998728434,164.5,121.33333333333,883.33333333333,255.33333333333,320.5,508.66666666667,1090,664.5,1556.6666666667,2325,1875,1555,1170,2031.6666666667,2158.3333333333,2601.6666666667,1670,1800,4451.6666666667,6245,4850,6070,1650
1746698400,1605.537501527,3104.9125028886,5597.6250058934,17912.500017583,40001.750026587,98.050000190735,164.5,123.375,884.75,256.375,339.75,510.875,1072.5,649.25,1537.5,2325,1865,1480,1130,1923.75,2185,2600,1645,1775,4346.25,6245,4845,6172.5,1650
1746784800,1613.7500030715,3095.6625048146,5555.918758777,18045.375021324,39021.562530394,97.837500572205,164.625,127,895.75,262.625,327.75,527.5,1060,655.5,1617.5,2330,1880,1395,1130.125,1948.75,2185,2600,1570,1750,4201.25,6245,4833.75,6170,1650
1746871200,1604.7000000458,3084.7000009827,5560.3187530497,17961.750013679,38308.500022739,99.387499809265,164.625,117.625,871.125,271.375,332.875,482.25,1062.5,649.75,1661.25,2325,1880,1368.75,1126.625,1916.25,2180,2600,1677.5,1750,4095,6245,4800,6165,1650
1746957600,1588.0875069089,3075.1000095941,5528.2812659275,17908.750030845,38328.000039905,98.087501525879,164.625,119.75,846.625,270.25,329.75,490.375,1055,659.25,1666.25,2327.5,1880,1342.5,1128.75,1911.25,2180,2600,1670,1750,4100,6245,4800,6160,1650
1747044000,1584.8999997874,3042.7333341092,5710.1250026301,17612.833346526,38192.500022103,98.016666412354,161.5,122.16666666667,863.5,270,331.5,490.33333333333,1035.3333333333,687,1680,2693.3333333333,1880,1353.3333333333,1165,1866.6666666667,2180,2600,1670,1800,4080,6245,4800,6158.3333333333,1650
1746964800,1588.0875069089,3075.1000095941,5528.2812659275,17908.750030845,38328.000039905,98.087501525879,164.625,119.75,846.625,270.25,329.75,490.375,1055,659.25,1666.25,2327.5,1880,1342.5,1128.75,1911.25,2180,2600,1670,1750,4100,6245,4800,6160,1650
1747051200,1590.0749985222,3031.0874991864,5676.3437502757,17547.625010014,38225.625018924,97.912499427795,162.125,122.75,868.25,272.125,331.375,490.375,1020.5,687,1680,2601.25,1880,1360,1185,1857.5,2180,2600,1670,1800,4085,6245,4800,6157.5,1650
1747137600,1592.5500031281,3000.8250048272,5557.2812590338,17357.250022031,38411.625030255,96.087500572205,163.25,127.125,870.625,281.625,312.25,488.625,1008.5,659.75,1678.75,2327.5,1937.5,1372.5,1245,1827.5,2172.5,2600,1670,2000,4097.5,6207.5,4800,6282.5,1648.75
1747224000,1571.8875054121,2999.9500076547,5494.4687634073,17290.750027746,38701.500035934,92.362501144409,161.5,131.25,869.625,280,310.375,560.5,1004,648.5,1656.25,2328.75,1987.5,1355,1250,1825,2170,2600,1670,2000,4127.5,6195,4800,6413.75,1645
1747310400,1572.6875038929,3046.7625057548,5467.8125103265,17171.875023935,39053.812532122,89.825000762939,163.5,137.125,868.75,282.25,314,642.375,1008.25,651,1643.75,2325,1840,1356.25,1250,1812.5,2171.25,2600,1670,2000,4180,6196.25,4798.75,6430,1645
1747396800,1576.8750038855,2986.7625057548,5451.0625103153,17040.125023946,38844.437532132,92.325000762939,161.75,137.5,871.75,279.75,282.375,561.5,1002.5,651,1608.75,2320,1840,1353.75,1242.5,1792.5,2175,2600,1670,2000,4142.5,6200,4796.25,6475,1645
1747483200,1184.4250013866,2262.8625024334,4058.0625048857,13352.750014151,28895.875020288,68.925000190735,121.5,103.125,658.625,209.25,221.875,475.25,741.375,496.5,1166.25,1736.25,1388.75,1007.5,930,1428.75,1631.25,1953.75,1257.5,1500,3076.25,4650,3600,4856.25,1235
1747569600,1559.4250000417,2998.7250009924,5336.0312532261,17851.375014409,38035.125022605,92.887499809265,161.25,144.75,833,270,242.125,631.75,999.25,653,1587.5,2103.75,1872.5,1352.5,1252.5,1906.25,2175,2600,1690,2000,4027.5,6200,4800,6475,1650
1747656000,1578.0499977563,3041.699998131,5450.3749989495,17947.375008687,37857.375016864,93.299999237061,164.5,145.875,839.375,271.125,239.75,649,1013.25,652.875,1611.25,2305,1875,1327.5,1260,1916.25,2175,2600,1700,2000,4000,6200,4775,6475,1650
1747742400,1561.0625000857,3091.550000973,5370.281253241,18188.875014409,37805.250022514,88.887499809265,163.5,149.125,840,284.75,238,685.625,1075,646.5,1605,2288.75,1875,1298.75,1260,1957.5,2175,2600,1700,2000,4000,6200,4700,6475,1638.75
1747828800,1566.4375047293,3079.8375066854,5389.8750118166,18058.750025854,37493.000033908,92.000000953674,163.75,146.25,817.875,306.875,233,681.875,1051.25,643.25,1615,2291.25,1875,1287.5,1255,1933.75,2175,2600,1700,2000,3950,6200,4700,6480,1605
1747915200,1560.5000001937,3045.6750009693,5364.2812532336,17834.750014404,37571.625021435,90.637499809265,163.875,144,812.5,321,233.875,661.5,1032.5,645.25,1597.5,2288.75,1875,1281.25,1255,1905,2175,2596.25,1700,2000,3975,5855,4700,6475,1605
1748001600,1543.0833343168,3054.583335263,5310.4583379452,17550.000016317,37709.000023305,87.083333333333,163.5,145.33333333333,804.16666666667,330,232.16666666667,611.83333333333,1086.6666666667,647.5,1598.3333333333,2271.6666666667,1841.6666666667,1268.3333333333,1253.3333333333,1915,2175,2600,1380,2000,4000,5855,4650,6475,1605
1748088000,1542.4750010092,2927.8375019263,5239.0000046398,17878.875016328,37636.625023298,86.5,163.5,145.25,804.25,338.625,230.375,494.75,1022.5,646.375,1466.25,2272.5,1857.5,1265,1256.25,1928.75,2180,2597.5,1683.75,2000,4000,5855,4647.5,6475,1601.25
