date,planetNaturalId
2026-04-18,VH-331d
2026-04-18,OZ-189a
2026-04-18,VH-331f
2026-04-18,FK-794a
2026-04-18,VH-778a
2026-04-18,VH-331g
2026-04-18,ZV-307a
2026-04-18,VH-331a
2026-04-18,VH-192b
2026-04-18,FK-794b
2026-04-18,VH-874a
2026-04-18,VH-874b
2026-04-18,VH-331c
2026-04-18,VH-331e
2026-04-18,QQ-001a
2026-04-18,OT-889b
2026-04-18,VH-874c
2026-04-18,VH-331b
2026-04-18,AW-844a
2026-04-18,FK-794c
2026-04-18,LS-014a
2026-04-19,VH-331d
2026-04-19,OZ-189a
2026-04-19,VH-331f
2026-04-19,FK-794a
2026-04-19,VH-778a
2026-04-19,VH-331g
2026-04-19,ZV-307a
2026-04-19,VH-331a
2026-04-19,VH-192b
2026-04-19,FK-794b
2026-04-19,VH-874a
2026-04-19,VH-874b
2026-04-19,VH-331c
2026-04-19,VH-331e
2026-04-19,QQ-001a
2026-04-19,OT-889b
2026-04-19,VH-874c
2026-04-19,VH-331b
2026-04-19,AW-844a
2026-04-19,FK-794c
2026-04-19,LS-014a
